,url,length_of_url,number_of_dots,number_of_hyphens_in_domain,length_of_directory,length_of_domain,words_in_domain,has_alexa_rank,country_code,words,length_of_largest_domain_token,length_of_largest_path_token,len_of_filename,num_dot_in_filename,num_delims_in_filename,length_of_arguments,length_of_largest_variable
3,http://9779.info/%E5%85%B3%E4%BA%8E%E6%8A%A4%E5%A3%AB%E7%9A%84%E5%89%AA%E8%B4%B4%E7%94%BB/,83.0,1.0,0.0,74.0,9.0,2.0,1.0,225.0,23.0,4.0,72.0,0.0,0.0,0.0,0.0,0.0
4,http://9779.info/%E6%A0%91%E5%8F%B6%E7%B2%98%E8%B4%B4%E7%94%BB%E6%88%BF%E5%AD%90/,74.0,1.0,0.0,65.0,9.0,2.0,1.0,225.0,20.0,4.0,63.0,0.0,0.0,0.0,0.0,0.0
8,http://9779.info/%E5%85%AD%E4%B8%80%E5%84%BF%E7%AB%A5%E8%8A%82%E7%B2%98%E8%B4%B4%E7%94%BB/,83.0,1.0,0.0,74.0,9.0,2.0,1.0,225.0,22.0,4.0,72.0,0.0,0.0,0.0,0.0,0.0
9,http://9779.info/%E6%A0%91%E5%8F%B6%E7%AE%80%E5%8D%95%E7%B2%98%E8%B4%B4%E7%94%BB/,74.0,1.0,0.0,65.0,9.0,2.0,1.0,225.0,20.0,4.0,63.0,0.0,0.0,0.0,0.0,0.0
10,http://9779.info/%E5%B0%8F%E7%8F%AD%E5%88%9B%E6%84%8F%E6%92%95%E7%BA%B8%E8%B4%B4%E7%94%BB/,83.0,1.0,0.0,74.0,9.0,2.0,1.0,225.0,20.0,4.0,72.0,0.0,0.0,0.0,0.0,0.0
11,http://9779.info/%E5%85%B3%E4%BA%8E%E5%B7%A5%E4%BD%9C%E7%9A%84%E5%89%AA%E8%B4%B4%E7%94%BB/,83.0,1.0,0.0,74.0,9.0,2.0,1.0,225.0,22.0,4.0,72.0,0.0,0.0,0.0,0.0,0.0
12,http://9779.info/%E5%90%B8%E7%AE%A1%20%E5%89%AA%E8%B4%B4%E7%94%BB/,59.0,1.0,0.0,50.0,9.0,2.0,1.0,225.0,16.0,4.0,48.0,0.0,0.0,0.0,0.0,0.0
13,http://9779.info/%E5%BF%AB%E4%B9%90%E6%9A%91%E5%81%87%E7%9A%84%E5%89%AA%E8%B4%B4%E7%94%BB/,83.0,1.0,0.0,74.0,9.0,2.0,1.0,225.0,22.0,4.0,72.0,0.0,0.0,0.0,0.0,0.0
15,http://9779.info/%E6%88%91%E7%9A%84%E5%91%A8%E6%9C%AB%E5%89%AA%E8%B4%B4%E7%94%BB/,74.0,1.0,0.0,65.0,9.0,2.0,1.0,225.0,19.0,4.0,63.0,0.0,0.0,0.0,0.0,0.0
17,http://9779.info/%E7%B2%98%E8%B4%B4%E7%94%BB%E7%9A%B1%E7%BA%B9%E7%BA%B8%E5%9B%A2/,74.0,1.0,0.0,65.0,9.0,2.0,1.0,225.0,18.0,4.0,63.0,0.0,0.0,0.0,0.0,0.0
18,http://9779.info/%E5%8D%A1%E7%BA%B8%E5%89%AA%E8%B4%B4%E7%94%BB/,56.0,1.0,0.0,47.0,9.0,2.0,1.0,225.0,15.0,4.0,45.0,0.0,0.0,0.0,0.0,0.0
21,http://9779.info/%E5%8D%A1%E7%BA%B8%E7%AB%8B%E4%BD%93%E6%89%8B%E5%B7%A5%E7%B2%98%E8%B4%B4%E7%94%BB/,92.0,1.0,0.0,83.0,9.0,2.0,1.0,225.0,24.0,4.0,81.0,0.0,0.0,0.0,0.0,0.0
22,http://9779.info/%E7%A2%8E%E5%B8%83%E5%A4%B4%E5%88%B6%E4%BD%9C%E8%B4%B4%E7%94%BB%E6%95%99%E7%A8%8B/,92.0,1.0,0.0,83.0,9.0,2.0,1.0,225.0,24.0,4.0,81.0,0.0,0.0,0.0,0.0,0.0
27,http://9779.info/%E5%B9%BF%E5%91%8A%E5%92%8C%E6%8B%9B%E8%B4%B4%E7%94%BB%E5%84%BF%E7%AB%A5%E7%94%BB/,92.0,1.0,0.0,83.0,9.0,2.0,1.0,225.0,21.0,4.0,81.0,0.0,0.0,0.0,0.0,0.0
29,http://9779.info/%E5%84%BF%E7%AB%A5%E5%A2%99%E4%B8%8A%E8%A3%85%E9%A5%B0%E8%B4%B4%E7%94%BB/,83.0,1.0,0.0,74.0,9.0,2.0,1.0,225.0,22.0,4.0,72.0,0.0,0.0,0.0,0.0,0.0
30,http://9779.info/%E7%8E%B0%E4%BB%A3%E6%8B%9B%E8%B4%B4%E7%94%BB%E8%AE%BE%E8%AE%A1/,74.0,1.0,0.0,65.0,9.0,2.0,1.0,225.0,18.0,4.0,63.0,0.0,0.0,0.0,0.0,0.0
35,http://9779.info/%E5%85%B3%E4%BA%8E%E5%A4%A9%E6%B0%94%E7%9A%84%E5%89%AA%E8%B4%B4%E7%94%BB/,83.0,1.0,0.0,74.0,9.0,2.0,1.0,225.0,22.0,4.0,72.0,0.0,0.0,0.0,0.0,0.0
36,http://9779.info/%E5%B9%BC%E5%84%BF%E5%88%9B%E6%84%8F%E8%B1%86%E5%AD%90%E7%B2%98%E8%B4%B4%E7%94%BB/,92.0,1.0,0.0,83.0,9.0,2.0,1.0,225.0,23.0,4.0,81.0,0.0,0.0,0.0,0.0,0.0
38,http://9779.info/%E6%A0%91%E5%8F%B6%E7%B2%98%E8%B4%B4%E7%94%BB/,56.0,1.0,0.0,47.0,9.0,2.0,1.0,225.0,16.0,4.0,45.0,0.0,0.0,0.0,0.0,0.0
39,http://9779.info/%E5%8A%A8%E7%89%A9%E7%BA%B8%E7%BB%B3%E7%B2%98%E8%B4%B4%E7%94%BB/,74.0,1.0,0.0,65.0,9.0,2.0,1.0,225.0,18.0,4.0,63.0,0.0,0.0,0.0,0.0,0.0
40,http://9779.info/%E6%A0%91%E5%8F%B6%20%E8%B4%B4%E7%94%BB%E5%9B%BE%E7%89%87%E6%AC%A3%E8%B5%8F/,86.0,1.0,0.0,77.0,9.0,2.0,1.0,225.0,22.0,4.0,75.0,0.0,0.0,0.0,0.0,0.0
41,http://9779.info/%E8%B1%86%E5%AD%90%E7%B2%98%E8%B4%B4%E7%94%BB/,56.0,1.0,0.0,47.0,9.0,2.0,1.0,225.0,15.0,4.0,45.0,0.0,0.0,0.0,0.0,0.0
42,http://9779.info/%E5%90%91%E6%97%A5%E8%91%B5%E6%8B%BC%E8%B4%B4%E7%94%BB/,65.0,1.0,0.0,56.0,9.0,2.0,1.0,225.0,17.0,4.0,54.0,0.0,0.0,0.0,0.0,0.0
43,http://9779.info/%E7%BE%8E%E6%9C%AF%E9%B8%A1%E8%9B%8B%E7%B2%98%E8%B4%B4%E7%94%BB%E5%9B%BE%E7%89%87/,92.0,1.0,0.0,83.0,9.0,2.0,1.0,225.0,23.0,4.0,81.0,0.0,0.0,0.0,0.0,0.0
45,http://9779.info/%E5%B9%BC%E5%84%BF%E5%9B%AD%E7%AA%97%E6%88%B7%E5%8D%A1%E7%BA%B8%E8%B4%B4%E7%94%BB/,92.0,1.0,0.0,83.0,9.0,2.0,1.0,225.0,24.0,4.0,81.0,0.0,0.0,0.0,0.0,0.0
47,http://9779.info/ppt%E5%89%AA%E8%B4%B4%E7%94%BB%20%E5%9B%A2%E9%98%9F/,62.0,1.0,0.0,53.0,9.0,2.0,1.0,225.0,18.0,4.0,51.0,0.0,0.0,0.0,0.0,0.0
48,http://9779.info/%E5%BD%A9%E7%BA%B8%E5%89%AA%E8%B4%B4%E7%94%BB%E8%8A%B1%E6%9C%B5%E5%9B%BE%E7%89%87/,92.0,1.0,0.0,83.0,9.0,2.0,1.0,225.0,23.0,4.0,81.0,0.0,0.0,0.0,0.0,0.0
50,http://9779.info/%E7%AB%8B%E4%BD%93%E5%B8%83%E8%B4%B4%E7%94%BB%E4%BA%BA%E7%89%A9%E5%9B%BE%E7%89%87/,92.0,1.0,0.0,83.0,9.0,2.0,1.0,225.0,22.0,4.0,81.0,0.0,0.0,0.0,0.0,0.0
54,http://9779.info/%E7%94%B5%E8%A7%86%E5%A2%99%E8%B4%B4%E7%94%BB%E5%9B%BE%E7%89%87%E6%AC%A3%E8%B5%8F/,92.0,1.0,0.0,83.0,9.0,2.0,1.0,225.0,22.0,4.0,81.0,0.0,0.0,0.0,0.0,0.0
56,http://9779.info/%E4%BA%91%E5%8D%97%E7%94%BB%E5%AE%B6%E6%9D%8E%E5%BF%A0%E8%89%AF/,74.0,1.0,0.0,65.0,9.0,2.0,1.0,225.0,22.0,4.0,63.0,0.0,0.0,0.0,0.0,0.0
57,http://9779.info/%E5%8F%A4%E4%BB%A3%E4%BA%8C%E5%8D%81%E5%9B%9B%E5%AD%9D%E5%B8%83%E8%B4%B4%E7%94%BB/,92.0,1.0,0.0,83.0,9.0,2.0,1.0,225.0,22.0,4.0,81.0,0.0,0.0,0.0,0.0,0.0
58,http://9779.info/%E4%BC%98%E7%A7%80%E5%8D%A1%E7%BA%B8%E5%89%AA%E8%B4%B4%E7%94%BB/,74.0,1.0,0.0,65.0,9.0,2.0,1.0,225.0,20.0,4.0,63.0,0.0,0.0,0.0,0.0,0.0
62,http://9779.info/%E6%A0%91%E5%8F%B6%E8%8A%B1%E7%93%A3%E7%9A%84%E7%B2%98%E8%B4%B4%E7%94%BB/,83.0,1.0,0.0,74.0,9.0,2.0,1.0,225.0,22.0,4.0,72.0,0.0,0.0,0.0,0.0,0.0
66,http://9779.info/%E5%B9%BC%E5%84%BF%E7%B2%98%E8%B4%B4%E7%94%BB%E5%B0%8F%E9%B1%BC/,74.0,1.0,0.0,65.0,9.0,2.0,1.0,225.0,19.0,4.0,63.0,0.0,0.0,0.0,0.0,0.0
67,http://9779.info/%E4%BA%94%E8%B0%B7%E6%9D%82%E7%B2%AE%E4%BA%BA%E7%89%A9%E7%B2%98%E8%B4%B4%E7%94%BB/,92.0,1.0,0.0,83.0,9.0,2.0,1.0,225.0,20.0,4.0,81.0,0.0,0.0,0.0,0.0,0.0
69,http://9779.info/%E5%89%AA%E8%B4%B4%E7%94%BB%E5%88%9B%E6%84%8F/,56.0,1.0,0.0,47.0,9.0,2.0,1.0,225.0,16.0,4.0,45.0,0.0,0.0,0.0,0.0,0.0
73,http://9779.info/%E8%BF%90%E5%8A%A8%E4%BC%9A%E5%84%BF%E7%AB%A5%E7%94%BB%E4%BD%9C%E5%93%81/,83.0,1.0,0.0,74.0,9.0,2.0,1.0,225.0,22.0,4.0,72.0,0.0,0.0,0.0,0.0,0.0
77,http://9779.info/%E5%84%BF%E7%AB%A5%E6%89%8B%E5%B7%A5%E7%B2%98%E8%B4%B4%E7%94%BB%E5%9B%BE%E7%89%87/,92.0,1.0,0.0,83.0,9.0,2.0,1.0,225.0,22.0,4.0,81.0,0.0,0.0,0.0,0.0,0.0
80,http://9779.info/%E6%A0%91%E5%8F%B6%E8%B4%B4%E7%94%BB%E4%BD%9C%E5%93%81/,65.0,1.0,0.0,56.0,9.0,2.0,1.0,225.0,19.0,4.0,54.0,0.0,0.0,0.0,0.0,0.0
81,http://9779.info/%E5%B9%BC%E5%84%BF%E5%9B%AD%E7%B2%98%E8%B4%B4%E7%94%BB%E8%AF%B4%E8%AF%BE%E7%A8%BF/,92.0,1.0,0.0,83.0,9.0,2.0,1.0,225.0,20.0,4.0,81.0,0.0,0.0,0.0,0.0,0.0
82,http://9779.info/%E4%BA%BA%E7%89%A9%E6%8A%BD%E8%B1%A1%E9%BB%91%E7%99%BD%E8%A3%85%E9%A5%B0%E7%94%BB/,92.0,1.0,0.0,83.0,9.0,2.0,1.0,225.0,23.0,4.0,81.0,0.0,0.0,0.0,0.0,0.0
87,http://9779.info/%E8%B1%86%E5%AD%90%E7%B2%98%E8%B4%B4%E7%94%BB%E8%9B%8B%E7%B3%95%E5%9B%BE%E7%89%87/,92.0,1.0,0.0,83.0,9.0,2.0,1.0,225.0,22.0,4.0,81.0,0.0,0.0,0.0,0.0,0.0
90,http://9779.info/%E5%9C%86%E7%9B%98%E5%AD%90%E8%B1%86%E8%B4%B4%E7%94%BB%E5%9B%BE%E7%89%87/,83.0,1.0,0.0,74.0,9.0,2.0,1.0,225.0,19.0,4.0,72.0,0.0,0.0,0.0,0.0,0.0
91,http://9779.info/%E5%85%83%E6%97%A6%E6%B0%B4%E5%BD%A9%E7%94%BB%E4%BD%9C%E5%93%81/,74.0,1.0,0.0,65.0,9.0,2.0,1.0,225.0,20.0,4.0,63.0,0.0,0.0,0.0,0.0,0.0
92,http://9779.info/%E7%BA%B8%E7%BB%B3%E7%B2%98%E8%B4%B4%E7%94%BB%E8%91%A1%E8%90%84%E5%9B%BE%E7%89%87/,92.0,1.0,0.0,83.0,9.0,2.0,1.0,225.0,22.0,4.0,81.0,0.0,0.0,0.0,0.0,0.0
94,http://9779.info/%E9%B1%BC%E7%9A%84%E6%AF%9B%E7%BA%BF%E7%B2%98%E8%B4%B4%E7%94%BB/,74.0,1.0,0.0,65.0,9.0,2.0,1.0,225.0,20.0,4.0,63.0,0.0,0.0,0.0,0.0,0.0
95,http://9779.info/%E5%8D%8A%E7%AB%8B%E4%BD%93%E5%B9%BC%E5%84%BF%E5%89%AA%E8%B4%B4%E7%94%BB/,83.0,1.0,0.0,74.0,9.0,2.0,1.0,225.0,22.0,4.0,72.0,0.0,0.0,0.0,0.0,0.0
96,http://9779.info/%E8%A1%8D%E7%BA%B8%E8%B4%B4%E7%94%BB%E5%9B%BE%E7%89%87%E6%AC%A3%E8%B5%8F/,83.0,1.0,0.0,74.0,9.0,2.0,1.0,225.0,22.0,4.0,72.0,0.0,0.0,0.0,0.0,0.0
97,http://9779.info/%E7%A2%8E%E5%8D%A1%E7%BA%B8%E7%B2%98%E8%B4%B4%E7%94%BB/,65.0,1.0,0.0,56.0,9.0,2.0,1.0,225.0,17.0,4.0,54.0,0.0,0.0,0.0,0.0,0.0
100,http://9779.info/%E5%BD%A9%E7%BA%B8%E7%AB%8B%E4%BD%93%E5%89%AA%E8%B4%B4%E7%94%BB/,74.0,1.0,0.0,65.0,9.0,2.0,1.0,225.0,19.0,4.0,63.0,0.0,0.0,0.0,0.0,0.0
101,http://9779.info/%E7%BE%8E%E6%9C%AF%E5%89%AA%E8%B4%B4%E7%94%BB%E6%B5%B7%E7%BB%B5%E7%BA%B8%E5%9B%BE/,92.0,1.0,0.0,83.0,9.0,2.0,1.0,225.0,21.0,4.0,81.0,0.0,0.0,0.0,0.0,0.0
102,http://9779.info/%E5%B9%BC%E5%84%BF%E5%90%B8%E7%AE%A1%E7%B2%98%E8%B4%B4%E7%94%BB/,74.0,1.0,0.0,65.0,9.0,2.0,1.0,225.0,19.0,4.0,63.0,0.0,0.0,0.0,0.0,0.0
105,http://9779.info/%E6%96%87%E6%98%8E%E7%A4%BC%E4%BB%AA%20%E5%89%AA%E8%B4%B4%E7%94%BB/,77.0,1.0,0.0,68.0,9.0,2.0,1.0,225.0,20.0,4.0,66.0,0.0,0.0,0.0,0.0,0.0
107,http://9779.info/%E4%B9%8C%E9%B8%A6%E5%96%9D%E6%B0%B4%E6%A0%91%E5%8F%B6%E7%94%BB/,74.0,1.0,0.0,65.0,9.0,2.0,1.0,225.0,22.0,4.0,63.0,0.0,0.0,0.0,0.0,0.0
109,http://9779.info/%E7%A2%8E%E5%B8%83%E5%A4%B4%E5%88%B6%E4%BD%9C%E8%B4%B4%E7%94%BB/,74.0,1.0,0.0,65.0,9.0,2.0,1.0,225.0,19.0,4.0,63.0,0.0,0.0,0.0,0.0,0.0
110,http://9779.info/%E5%BA%9F%E6%97%A7%E6%9D%90%E6%96%99%E5%89%AA%E8%B4%B4%E7%94%BB/,74.0,1.0,0.0,65.0,9.0,2.0,1.0,225.0,20.0,4.0,63.0,0.0,0.0,0.0,0.0,0.0
113,http://9779.info/%E5%84%BF%E7%AB%A5%E5%BD%A9%E7%BA%B8%E7%B2%98%E8%B4%B4%E7%94%BB/,74.0,1.0,0.0,65.0,9.0,2.0,1.0,225.0,19.0,4.0,63.0,0.0,0.0,0.0,0.0,0.0
114,http://9779.info/%E6%96%87%E6%98%8E%E5%9C%A8%E6%88%91%E5%AE%B6%E5%89%AA%E8%B4%B4%E7%94%BB/,83.0,1.0,0.0,74.0,9.0,2.0,1.0,225.0,22.0,4.0,72.0,0.0,0.0,0.0,0.0,0.0
115,http://9779.info/%E6%9D%90%E6%96%99%E8%A1%A8%E7%8E%B0%E6%8B%BC%E8%B4%B4%E7%94%BB/,74.0,1.0,0.0,65.0,9.0,2.0,1.0,225.0,19.0,4.0,63.0,0.0,0.0,0.0,0.0,0.0
117,http://advancedphotoshop.co.uk/forum/viewtopic.php?p=223&sid=2ae245e5c8120bb706e0e72a7ddcabb8,86.0,3.0,0.0,7.0,23.0,3.0,1.0,225.0,10.0,17.0,5.0,13.0,1.0,0.0,43.0,32.0
118,http://9779.info/kt%E7%8C%AB%E7%9A%AE%E8%B4%B4%E7%94%BB%E5%9B%BE%E7%89%87/,67.0,1.0,0.0,58.0,9.0,2.0,1.0,225.0,18.0,4.0,56.0,0.0,0.0,0.0,0.0,0.0
119,http://9779.info/%E5%84%BF%E7%AB%A5%E8%80%81%E8%99%8E%E6%A0%91%E5%8F%B6%E7%B2%98%E8%B4%B4%E7%94%BB/,92.0,1.0,0.0,83.0,9.0,2.0,1.0,225.0,24.0,4.0,81.0,0.0,0.0,0.0,0.0,0.0
120,http://9779.info/%E5%B9%BC%E5%84%BF%E5%9B%AD%E8%83%8C%E6%99%AF%E5%A2%99%E5%89%AA%E8%B4%B4%E7%94%BB/,92.0,1.0,0.0,83.0,9.0,2.0,1.0,225.0,23.0,4.0,81.0,0.0,0.0,0.0,0.0,0.0
127,http://9779.info/%E4%BA%91%E6%9C%B5%20%E5%89%AA%E8%B4%B4%E7%94%BB/,59.0,1.0,0.0,50.0,9.0,2.0,1.0,225.0,18.0,4.0,48.0,0.0,0.0,0.0,0.0,0.0
128,http://9779.info/%E5%B9%BC%E5%84%BF%E6%88%91%E7%88%B1%E5%8A%A8%E7%89%A9%E5%89%AA%E8%B4%B4%E7%94%BB/,92.0,1.0,0.0,83.0,9.0,2.0,1.0,225.0,22.0,4.0,81.0,0.0,0.0,0.0,0.0,0.0
129,http://9779.info/%E5%BD%A9%E7%BA%B8%E5%86%9B%E4%BA%BA%E5%89%AA%E8%B4%B4%E7%94%BB/,74.0,1.0,0.0,65.0,9.0,2.0,1.0,225.0,18.0,4.0,63.0,0.0,0.0,0.0,0.0,0.0
130,http://9779.info/%E6%AF%9B%E7%BA%BF%E8%B4%B4%E7%94%BB%20%E5%9C%BA%E6%99%AF%E5%9B%BE/,77.0,1.0,0.0,68.0,9.0,2.0,1.0,225.0,18.0,4.0,66.0,0.0,0.0,0.0,0.0,0.0
133,http://9779.info/%E6%A0%91%E5%8F%B6%E8%B4%B4%E7%94%BB%E4%BD%9C%E5%93%81%20%E6%88%BF%E5%AD%90/,86.0,1.0,0.0,77.0,9.0,2.0,1.0,225.0,24.0,4.0,75.0,0.0,0.0,0.0,0.0,0.0
136,http://9779.info/%E5%B9%BC%E5%84%BF%E5%9B%AD%E8%B1%86%E5%AD%90%E7%B2%98%E8%B4%B4%E7%94%BB%E6%95%99%E6%A1%88/,101.0,1.0,0.0,92.0,9.0,2.0,1.0,225.0,25.0,4.0,90.0,0.0,0.0,0.0,0.0,0.0
138,http://9779.info/%E6%89%8B%E5%B7%A5%E6%9C%8D%E8%A3%85%E5%B8%83%E8%B4%B4%E7%94%BB%E5%9B%BE%E7%89%87/,92.0,1.0,0.0,83.0,9.0,2.0,1.0,225.0,23.0,4.0,81.0,0.0,0.0,0.0,0.0,0.0
140,http://9779.info/%E5%8A%A8%E7%89%A9%E7%93%9C%E5%AD%90%20%E8%B4%B4%E7%94%BB/,68.0,1.0,0.0,59.0,9.0,2.0,1.0,225.0,18.0,4.0,57.0,0.0,0.0,0.0,0.0,0.0
144,http://9779.info/%E7%A2%8E%E5%B8%83%E5%A4%B4%E5%88%B6%E4%BD%9C%E8%B4%B4%E7%94%BB%E5%9B%BE%E8%A7%A3/,92.0,1.0,0.0,83.0,9.0,2.0,1.0,225.0,23.0,4.0,81.0,0.0,0.0,0.0,0.0,0.0
145,http://9779.info/%E6%B0%91%E6%97%8F%E5%B8%83%E8%89%BA%E8%B4%B4%E7%94%BB/,65.0,1.0,0.0,56.0,9.0,2.0,1.0,225.0,18.0,4.0,54.0,0.0,0.0,0.0,0.0,0.0
149,http://9779.info/%E5%B8%83%E8%B4%B4%E7%94%BB%20%E5%8D%A1%E9%80%9A%E5%9B%BE%E7%89%87/,77.0,1.0,0.0,68.0,9.0,2.0,1.0,225.0,21.0,4.0,66.0,0.0,0.0,0.0,0.0,0.0
151,http://9779.info/%E6%89%8B%E5%B7%A5%E6%92%95%E7%BA%B8%E6%8B%BC%E8%B4%B4%E7%94%BB/,74.0,1.0,0.0,65.0,9.0,2.0,1.0,225.0,19.0,4.0,63.0,0.0,0.0,0.0,0.0,0.0
158,http://9779.info/%E5%88%9B%E6%84%8F%E6%89%8B%E5%B7%A5%E5%89%AA%E7%BA%B8%E7%B2%98%E8%B4%B4%E7%94%BB/,92.0,1.0,0.0,83.0,9.0,2.0,1.0,225.0,23.0,4.0,81.0,0.0,0.0,0.0,0.0,0.0
160,http://9779.info/%E5%88%9B%E6%84%8F%E6%8A%98%E7%BA%B8%E7%B2%98%E8%B4%B4%E7%94%BB/,74.0,1.0,0.0,65.0,9.0,2.0,1.0,225.0,19.0,4.0,63.0,0.0,0.0,0.0,0.0,0.0
162,http://9779.info/%E8%B1%86%E5%AD%90%E9%BB%8F%E8%B4%B4%E7%94%BB/,56.0,1.0,0.0,47.0,9.0,2.0,1.0,225.0,15.0,4.0,45.0,0.0,0.0,0.0,0.0,0.0
163,http://9779.info/%E5%86%B0%E6%A3%92%E6%A3%8D%E7%B2%98%E8%B4%B4%E7%94%BB/,65.0,1.0,0.0,56.0,9.0,2.0,1.0,225.0,17.0,4.0,54.0,0.0,0.0,0.0,0.0,0.0
165,http://9779.info/3d%E7%AB%8B%E4%BD%93%E8%B4%B4%E7%94%BB%E5%A2%99%E8%B4%B4%E7%BA%B8/,76.0,1.0,0.0,67.0,9.0,2.0,1.0,225.0,19.0,4.0,65.0,0.0,0.0,0.0,0.0,0.0
173,http://9779.info/%E5%89%AA%E8%B4%B4%E7%94%BB%E5%9B%BE%E7%89%87%E5%A4%A7/,65.0,1.0,0.0,56.0,9.0,2.0,1.0,225.0,16.0,4.0,54.0,0.0,0.0,0.0,0.0,0.0
174,http://9779.info/%E6%8A%98%E7%BA%B8%E5%B8%86%E8%88%B9%E7%B2%98%E8%B4%B4%E7%94%BB/,74.0,1.0,0.0,65.0,9.0,2.0,1.0,225.0,18.0,4.0,63.0,0.0,0.0,0.0,0.0,0.0
175,http://9779.info/%E6%89%8B%E5%B7%A5%E7%B1%B3%E7%B2%92%E7%B2%98%E8%B4%B4%E7%94%BB/,74.0,1.0,0.0,65.0,9.0,2.0,1.0,225.0,19.0,4.0,63.0,0.0,0.0,0.0,0.0,0.0
176,http://9779.info/%E8%8E%B7%E5%A5%96%E6%A0%91%E5%8F%B6%E8%B4%B4%E7%94%BB%E4%BD%9C%E5%93%81/,83.0,1.0,0.0,74.0,9.0,2.0,1.0,225.0,23.0,4.0,72.0,0.0,0.0,0.0,0.0,0.0
177,http://9779.info/%E6%89%8B%E5%B7%A5%E8%B1%86%E8%B4%B4%E7%94%BB%E5%9B%BE%E7%89%87/,74.0,1.0,0.0,65.0,9.0,2.0,1.0,225.0,19.0,4.0,63.0,0.0,0.0,0.0,0.0,0.0
179,http://9779.info/%E4%BB%A5%E6%98%86%E6%9B%B2%E4%B8%BA%E4%B8%BB%E7%9A%84%E5%89%AA%E8%B4%B4%E7%94%BB/,92.0,1.0,0.0,83.0,9.0,2.0,1.0,225.0,22.0,4.0,81.0,0.0,0.0,0.0,0.0,0.0
181,http://9779.info/%E5%85%B3%E4%BA%8E%E9%92%B1%E7%9A%84%E5%89%AA%E8%B4%B4%E7%94%BB/,74.0,1.0,0.0,65.0,9.0,2.0,1.0,225.0,21.0,4.0,63.0,0.0,0.0,0.0,0.0,0.0
184,http://9779.info/%E5%A4%A7%E8%B1%A1%E6%A0%91%E5%8F%B6%E8%B4%B4%E7%94%BB%E4%BD%9C%E5%93%81/,83.0,1.0,0.0,74.0,9.0,2.0,1.0,225.0,23.0,4.0,72.0,0.0,0.0,0.0,0.0,0.0
186,http://9779.info/%E5%B9%B3%E9%9D%A2%E5%9B%BE%E5%BD%A2%E5%89%AA%E7%BA%B8%E8%B4%B4%E7%94%BB/,83.0,1.0,0.0,74.0,9.0,2.0,1.0,225.0,21.0,4.0,72.0,0.0,0.0,0.0,0.0,0.0
187,http://advancedphotoshop.co.uk/forum/privmsg.php?mode=post&u=1311&sid=2ae245e5c8120bb706e0e72a7ddcabb8,95.0,3.0,0.0,7.0,23.0,3.0,1.0,225.0,12.0,17.0,5.0,11.0,1.0,0.0,54.0,32.0
188,http://9779.info/%E5%85%AD%E4%B8%80%E5%BF%AB%E4%B9%90%E7%B2%98%E8%B4%B4%E7%94%BB/,74.0,1.0,0.0,65.0,9.0,2.0,1.0,225.0,20.0,4.0,63.0,0.0,0.0,0.0,0.0,0.0
190,http://9779.info/%E5%B0%8F%E7%8F%AD%E5%B9%BC%E5%84%BF%E5%89%AA%E7%BA%B8%E8%B4%B4%E7%94%BB/,83.0,1.0,0.0,74.0,9.0,2.0,1.0,225.0,20.0,4.0,72.0,0.0,0.0,0.0,0.0,0.0
193,http://9779.info/%E5%A4%A7%E7%8F%AD%E7%A7%8D%E5%AD%90%E7%B2%98%E8%B4%B4%E7%94%BB%E5%9B%BE%E7%89%87/,92.0,1.0,0.0,83.0,9.0,2.0,1.0,225.0,21.0,4.0,81.0,0.0,0.0,0.0,0.0,0.0
194,http://9779.info/%E5%89%AA%E8%B4%B4%E7%94%BB%E5%A9%9A%E7%BA%B1/,56.0,1.0,0.0,47.0,9.0,2.0,1.0,225.0,15.0,4.0,45.0,0.0,0.0,0.0,0.0,0.0
195,http://9779.info/%E5%84%BF%E7%AB%A5%E7%AB%8B%E4%BD%93%E7%BA%B8%E8%B4%B4%E7%94%BB/,74.0,1.0,0.0,65.0,9.0,2.0,1.0,225.0,19.0,4.0,63.0,0.0,0.0,0.0,0.0,0.0
196,http://9779.info/%E6%89%8B%E5%B8%95%E5%84%BF%E7%AB%A5%E7%94%BB/,56.0,1.0,0.0,47.0,9.0,2.0,1.0,225.0,16.0,4.0,45.0,0.0,0.0,0.0,0.0,0.0
197,http://9779.info/%E5%88%9B%E6%84%8F%E6%A0%91%E5%8F%B6%20%E8%B4%B4%E7%94%BB%E4%BD%9C%E5%93%81/,86.0,1.0,0.0,77.0,9.0,2.0,1.0,225.0,23.0,4.0,75.0,0.0,0.0,0.0,0.0,0.0
198,http://9779.info/%E4%B8%AD%E5%AD%A6%E7%94%9F%E7%B2%98%E8%B4%B4%E7%94%BB%E4%BD%9C%E5%93%81/,83.0,1.0,0.0,74.0,9.0,2.0,1.0,225.0,20.0,4.0,72.0,0.0,0.0,0.0,0.0,0.0
199,http://9779.info/%E5%88%9B%E6%84%8F%E5%87%A0%E4%BD%95%E6%8B%BC%E5%9B%BE%E8%B4%B4%E7%94%BB/,83.0,1.0,0.0,74.0,9.0,2.0,1.0,225.0,22.0,4.0,72.0,0.0,0.0,0.0,0.0,0.0
201,http://9779.info/%E5%85%B3%E4%BA%8E%E4%B8%AD%E5%9B%BD%E7%9A%84%E5%89%AA%E8%B4%B4%E7%94%BB/,83.0,1.0,0.0,74.0,9.0,2.0,1.0,225.0,22.0,4.0,72.0,0.0,0.0,0.0,0.0,0.0
206,http://9779.info/%E6%9C%89%E5%85%B3%E6%8A%A4%E7%90%86%E7%9A%84%E5%89%AA%E8%B4%B4%E7%94%BB/,83.0,1.0,0.0,74.0,9.0,2.0,1.0,225.0,21.0,4.0,72.0,0.0,0.0,0.0,0.0,0.0
207,http://9779.info/%E5%B9%BC%E5%84%BF%E5%9B%AD%E6%89%8B%E5%B7%A5%E5%9B%BE%E7%89%87%E8%B4%B4%E7%94%BB/,92.0,1.0,0.0,83.0,9.0,2.0,1.0,225.0,22.0,4.0,81.0,0.0,0.0,0.0,0.0,0.0
208,http://9779.info/%E5%88%9D%E4%B8%80%E7%BE%8E%E6%9C%AF%E7%94%BB/,56.0,1.0,0.0,47.0,9.0,2.0,1.0,225.0,17.0,4.0,45.0,0.0,0.0,0.0,0.0,0.0
209,http://9779.info/%E5%A2%99%E7%BA%B8%E8%B4%B4%E7%94%BB%E7%88%B1%E6%83%85/,65.0,1.0,0.0,56.0,9.0,2.0,1.0,225.0,18.0,4.0,54.0,0.0,0.0,0.0,0.0,0.0
211,http://9779.info/%E5%B9%BC%E5%84%BF%E6%89%8B%E5%B7%A5%E7%A7%8D%E5%AD%90%E7%B2%98%E8%B4%B4%E7%94%BB/,92.0,1.0,0.0,83.0,9.0,2.0,1.0,225.0,24.0,4.0,81.0,0.0,0.0,0.0,0.0,0.0
212,http://9779.info/%E5%B9%BC%E5%84%BF%E5%BA%9F%E6%97%A7%E6%8A%A5%E7%BA%B8%E6%8B%BC%E8%B4%B4%E7%94%BB/,92.0,1.0,0.0,83.0,9.0,2.0,1.0,225.0,22.0,4.0,81.0,0.0,0.0,0.0,0.0,0.0
213,http://9779.info/%E5%B9%BC%E5%84%BF%E5%9B%AD%E5%89%AA%E8%B4%B4%E7%94%BB/,65.0,1.0,0.0,56.0,9.0,2.0,1.0,225.0,17.0,4.0,54.0,0.0,0.0,0.0,0.0,0.0
214,http://9779.info/%E8%89%B2%E5%8D%A1%E7%BA%B8%E7%B2%98%E8%B4%B4%E7%94%BB/,65.0,1.0,0.0,56.0,9.0,2.0,1.0,225.0,16.0,4.0,54.0,0.0,0.0,0.0,0.0,0.0
215,http://9779.info/%E7%81%AB%E6%9F%B4%E5%81%9A%E7%9A%84%E6%8B%BC%E8%B4%B4%E7%94%BB/,74.0,1.0,0.0,65.0,9.0,2.0,1.0,225.0,17.0,4.0,63.0,0.0,0.0,0.0,0.0,0.0
216,http://9779.info/%E5%B9%BC%E5%84%BF%E5%9B%AD%E7%AE%80%E5%8D%95%E7%9A%84%E5%89%AA%E8%B4%B4%E7%94%BB/,92.0,1.0,0.0,83.0,9.0,2.0,1.0,225.0,22.0,4.0,81.0,0.0,0.0,0.0,0.0,0.0
220,http://9779.info/%E5%85%B3%E4%BA%8E%E7%A7%8B%E7%9A%84%E7%B2%98%E8%B4%B4%E7%94%BB/,74.0,1.0,0.0,65.0,9.0,2.0,1.0,225.0,20.0,4.0,63.0,0.0,0.0,0.0,0.0,0.0
221,http://9779.info/%E5%84%BF%E7%AB%A5%E5%BD%A9%E7%BA%BF%E8%B4%B4%E7%94%BB/,65.0,1.0,0.0,56.0,9.0,2.0,1.0,225.0,16.0,4.0,54.0,0.0,0.0,0.0,0.0,0.0
222,http://9779.info/%E5%86%B0%E6%B7%87%E6%B7%8B%E5%84%BF%E7%AB%A5%E7%94%BB/,65.0,1.0,0.0,56.0,9.0,2.0,1.0,225.0,17.0,4.0,54.0,0.0,0.0,0.0,0.0,0.0
229,http://9779.info/%E6%88%91%E7%9A%84%E5%AE%B6%E5%9B%AD%E6%8A%98%E7%BA%B8%E7%B2%98%E8%B4%B4%E7%94%BB/,92.0,1.0,0.0,83.0,9.0,2.0,1.0,225.0,23.0,4.0,81.0,0.0,0.0,0.0,0.0,0.0
230,http://9779.info/%E5%85%AD%E4%B8%80%E5%84%BF%E7%AB%A5%E8%8A%82%E5%B8%83%E8%89%BA%E8%B4%B4%E7%94%BB/,92.0,1.0,0.0,83.0,9.0,2.0,1.0,225.0,23.0,4.0,81.0,0.0,0.0,0.0,0.0,0.0
231,http://9779.info/%E6%80%8E%E7%94%A8%E6%A0%91%E5%8F%B6%E6%8B%BC%E8%B4%B4%E7%94%BB/,74.0,1.0,0.0,65.0,9.0,2.0,1.0,225.0,19.0,4.0,63.0,0.0,0.0,0.0,0.0,0.0
232,http://9779.info/%E6%A0%91%E5%8F%B6%E6%8B%BC%E5%9B%BE%E7%B2%98%E8%B4%B4%E7%94%BB/,74.0,1.0,0.0,65.0,9.0,2.0,1.0,225.0,20.0,4.0,63.0,0.0,0.0,0.0,0.0,0.0
233,http://9779.info/%E9%87%91%E9%B1%BC%E5%8F%B6%E8%B4%B4%E7%94%BB%E5%9B%BE%E7%89%87/,74.0,1.0,0.0,65.0,9.0,2.0,1.0,225.0,19.0,4.0,63.0,0.0,0.0,0.0,0.0,0.0
236,http://9779.info/%E5%A4%A7%E7%8F%AD%E6%B4%BB%E5%8A%A8%E5%AE%A4%E5%89%AA%E8%B4%B4%E7%94%BB/,83.0,1.0,0.0,74.0,9.0,2.0,1.0,225.0,19.0,4.0,72.0,0.0,0.0,0.0,0.0,0.0
237,http://9779.info/%E8%9B%8B%E5%A3%B3%E6%8B%BC%E8%B4%B4%E7%94%BB%E6%95%99%E6%A1%88/,74.0,1.0,0.0,65.0,9.0,2.0,1.0,225.0,19.0,4.0,63.0,0.0,0.0,0.0,0.0,0.0
239,http://9779.info/%E5%A4%8D%E6%9D%82%E7%9A%84%E7%A7%8D%E5%AD%90%E6%8B%BC%E8%B4%B4%E7%94%BB/,83.0,1.0,0.0,74.0,9.0,2.0,1.0,225.0,21.0,4.0,72.0,0.0,0.0,0.0,0.0,0.0
241,http://9779.info/%E5%B9%BC%E5%84%BF%E5%8D%A7%E5%AE%A4%E8%A3%85%E9%A5%B0%E8%B4%B4%E7%94%BB/,83.0,1.0,0.0,74.0,9.0,2.0,1.0,225.0,22.0,4.0,72.0,0.0,0.0,0.0,0.0,0.0
242,http://9779.info/%E4%BA%B2%E5%AD%90%E8%B4%B4%E7%94%BB%E5%9B%BE%E7%89%87/,65.0,1.0,0.0,56.0,9.0,2.0,1.0,225.0,18.0,4.0,54.0,0.0,0.0,0.0,0.0,0.0
243,http://9779.info/%E4%BA%B2%E5%AD%90%E6%AF%9B%E7%BA%BF%E8%B4%B4%E7%94%BB/,65.0,1.0,0.0,56.0,9.0,2.0,1.0,225.0,18.0,4.0,54.0,0.0,0.0,0.0,0.0,0.0
244,http://9779.info/%E5%85%B3%E4%BA%8E%E5%AD%A6%E6%A0%A1%E7%9A%84%E7%B2%98%E8%B4%B4%E7%94%BB/,83.0,1.0,0.0,74.0,9.0,2.0,1.0,225.0,23.0,4.0,72.0,0.0,0.0,0.0,0.0,0.0
245,http://9779.info/%E8%B1%86%E5%AD%90%E7%B2%98%E8%B4%B4%E7%94%BB%E5%9B%BE%E8%9D%B4%E8%9D%B6/,83.0,1.0,0.0,74.0,9.0,2.0,1.0,225.0,19.0,4.0,72.0,0.0,0.0,0.0,0.0,0.0
246,http://9779.info/%E4%BC%9A%E5%8A%A8%E7%9A%84%E6%B0%B4%E6%9E%9C%E7%AE%80%E7%AC%94%E7%94%BB/,83.0,1.0,0.0,74.0,9.0,2.0,1.0,225.0,21.0,4.0,72.0,0.0,0.0,0.0,0.0,0.0
252,http://9779.info/%E5%B9%BC%E5%84%BF%E7%B2%98%E8%B4%B4%E7%94%BB%E6%A0%91%E5%8F%B6%E5%9B%BE%E7%89%87/,92.0,1.0,0.0,83.0,9.0,2.0,1.0,225.0,24.0,4.0,81.0,0.0,0.0,0.0,0.0,0.0
253,http://9779.info/%E9%A3%9E%E6%9C%BA%E6%A0%91%E5%8F%B6%E7%B2%98%E8%B4%B4%E7%94%BB/,74.0,1.0,0.0,65.0,9.0,2.0,1.0,225.0,21.0,4.0,63.0,0.0,0.0,0.0,0.0,0.0
254,http://9779.info/%E5%84%BF%E7%AB%A5%E7%B2%98%E8%B4%B4%E7%94%BB%E5%88%B6%E4%BD%9C/,74.0,1.0,0.0,65.0,9.0,2.0,1.0,225.0,20.0,4.0,63.0,0.0,0.0,0.0,0.0,0.0
255,http://9779.info/%E5%89%AA%E8%B4%B4%E7%94%BB%E7%BA%BF%E6%8F%8F%E4%BD%9C%E5%93%81%E6%AC%A3%E8%B5%8F/,92.0,1.0,0.0,83.0,9.0,2.0,1.0,225.0,23.0,4.0,81.0,0.0,0.0,0.0,0.0,0.0
259,http://9779.info/%E4%B8%AD%E7%8F%AD%E5%B9%BC%E5%84%BF%E7%B2%98%E8%B4%B4%E7%94%BB/,74.0,1.0,0.0,65.0,9.0,2.0,1.0,225.0,19.0,4.0,63.0,0.0,0.0,0.0,0.0,0.0
260,http://9779.info/%E4%BA%B2%E5%AD%90%E7%B2%98%E8%B4%B4%E7%94%BB%E5%9B%BE%E7%89%87%E6%AC%A3%E8%B5%8F/,92.0,1.0,0.0,83.0,9.0,2.0,1.0,225.0,24.0,4.0,81.0,0.0,0.0,0.0,0.0,0.0
263,http://9779.info/%E6%A0%91%E5%8F%B6%E7%B2%98%E8%B4%B4%E7%94%BB/2.html,62.0,2.0,0.0,47.0,9.0,2.0,1.0,225.0,17.0,4.0,45.0,6.0,1.0,0.0,0.0,0.0
268,http://aquent.co.uk/AboutUs/Press/PressReleases/2003/barcelona.html,60.0,3.0,0.0,34.0,12.0,3.0,1.0,225.0,10.0,6.0,13.0,14.0,1.0,0.0,0.0,0.0
272,http://9779.info/%E9%A3%8E%E6%99%AF%E7%9A%B1%E7%BA%B9%E7%BA%B8%E7%B2%98%E8%B4%B4%E7%94%BB/,83.0,1.0,0.0,74.0,9.0,2.0,1.0,225.0,21.0,4.0,72.0,0.0,0.0,0.0,0.0,0.0
273,http://9779.info/%E5%9C%A3%E8%AF%9E%E8%8A%82%E7%94%BB%E7%94%BB%E4%BD%9C%E5%93%81/,74.0,1.0,0.0,65.0,9.0,2.0,1.0,225.0,18.0,4.0,63.0,0.0,0.0,0.0,0.0,0.0
274,http://9779.info/%E7%BA%BD%E6%89%A3%E7%B2%98%E8%B4%B4%E7%94%BB%E5%90%91%E6%97%A5%E8%91%B5/,83.0,1.0,0.0,74.0,9.0,2.0,1.0,225.0,21.0,4.0,72.0,0.0,0.0,0.0,0.0,0.0
275,https://twitter.com/share?url=http://www.greeteasy.com/sending-warm-greetings-on-independence-day/,90.0,3.0,0.0,79.0,11.0,2.0,1.0,225.0,14.0,7.0,42.0,0.0,0.0,0.0,0.0,0.0
276,http://9779.info/%E6%89%8B%E5%B7%A5%E5%8D%A1%E7%BA%B8%E5%88%BA%E7%8C%AC%E5%89%AA%E8%B4%B4%E7%94%BB/,92.0,1.0,0.0,83.0,9.0,2.0,1.0,225.0,22.0,4.0,81.0,0.0,0.0,0.0,0.0,0.0
281,http://9779.info/%E5%88%9B%E6%84%8F%E7%AB%8B%E4%BD%93%E6%89%8B%E5%B7%A5%E5%89%AA%E8%B4%B4%E7%94%BB/,92.0,1.0,0.0,83.0,9.0,2.0,1.0,225.0,23.0,4.0,81.0,0.0,0.0,0.0,0.0,0.0
284,http://9779.info/%E5%8A%A8%E7%89%A9%E6%B5%B7%E7%BB%B5%E7%BA%B8%E5%89%AA%E8%B4%B4%E7%94%BB/,83.0,1.0,0.0,74.0,9.0,2.0,1.0,225.0,19.0,4.0,72.0,0.0,0.0,0.0,0.0,0.0
285,http://9779.info/%E7%B1%B3%E7%B2%92%E7%B2%98%E8%B4%B4%E7%94%BB%E5%B7%A5%E5%85%B7/,74.0,1.0,0.0,65.0,9.0,2.0,1.0,225.0,17.0,4.0,63.0,0.0,0.0,0.0,0.0,0.0
287,http://9779.info/%E6%89%8B%E5%B7%A5%E6%B2%BE%E8%B4%B4%E7%94%BB%E5%9B%BE%E7%89%87/,74.0,1.0,0.0,65.0,9.0,2.0,1.0,225.0,18.0,4.0,63.0,0.0,0.0,0.0,0.0,0.0
288,http://9779.info/%E8%A5%BF%E7%93%9C%E5%AD%90%E7%9A%AE%E6%8B%BC%E8%B4%B4%E7%94%BB/,74.0,1.0,0.0,65.0,9.0,2.0,1.0,225.0,20.0,4.0,63.0,0.0,0.0,0.0,0.0,0.0
289,http://9779.info/%E5%B9%BC%E5%84%BF%E5%9B%AD%E6%89%8B%E5%B7%A5%E7%B2%98%E8%B4%B4%E7%94%BB%E6%95%99%E6%A1%88/,101.0,1.0,0.0,92.0,9.0,2.0,1.0,225.0,26.0,4.0,90.0,0.0,0.0,0.0,0.0,0.0
293,http://9779.info/%E6%A0%91%E5%8F%B6%E8%B4%B4%E7%94%BB%E4%BD%9C%E5%93%81%20%E5%AE%B6%E5%9B%AD/,86.0,1.0,0.0,77.0,9.0,2.0,1.0,225.0,23.0,4.0,75.0,0.0,0.0,0.0,0.0,0.0
294,http://9779.info/%E7%BE%8E%E4%B8%BD%E7%9A%84%E5%A4%9C%E6%99%9A%E5%89%AA%E8%B4%B4%E7%94%BB/,83.0,1.0,0.0,74.0,9.0,2.0,1.0,225.0,22.0,4.0,72.0,0.0,0.0,0.0,0.0,0.0
296,http://9779.info/%E5%87%A0%E4%BD%95%E5%9B%BE%E5%BD%A2%E6%8B%BC%E8%B4%B4%E7%94%BB%E4%BD%9C%E5%93%81/,92.0,1.0,0.0,83.0,9.0,2.0,1.0,225.0,23.0,4.0,81.0,0.0,0.0,0.0,0.0,0.0
300,http://9779.info/%E6%A0%91%E5%8F%B6%E8%B4%B4%E7%94%BB%E4%BD%9C%E5%93%81/2.html,71.0,2.0,0.0,56.0,9.0,2.0,1.0,225.0,20.0,4.0,54.0,6.0,1.0,0.0,0.0,0.0
303,http://9779.info/%E8%91%97%E5%90%8D%E5%A3%81%E7%94%BB%E4%BD%9C%E5%93%81/,65.0,1.0,0.0,56.0,9.0,2.0,1.0,225.0,18.0,4.0,54.0,0.0,0.0,0.0,0.0,0.0
305,http://9779.info/%E6%A0%91%E5%8F%B6%E5%B0%8F%E5%A5%B3%E5%AD%A9%E7%B2%98%E8%B4%B4%E7%94%BB/,83.0,1.0,0.0,74.0,9.0,2.0,1.0,225.0,21.0,4.0,72.0,0.0,0.0,0.0,0.0,0.0
308,http://9779.info/%E5%85%AD%E4%B8%80%E5%84%BF%E7%AB%A5%E8%8A%82%E5%B0%8F%E8%B4%B4%E7%94%BB/,83.0,1.0,0.0,74.0,9.0,2.0,1.0,225.0,22.0,4.0,72.0,0.0,0.0,0.0,0.0,0.0
310,http://9779.info/%E4%BD%8F%E5%9C%A8%E6%A0%91%E4%B8%8A%E7%9A%84%E5%AE%B6%E5%89%AA%E8%B4%B4%E7%94%BB/,92.0,1.0,0.0,83.0,9.0,2.0,1.0,225.0,25.0,4.0,81.0,0.0,0.0,0.0,0.0,0.0
311,http://9779.info/%E5%BA%9F%E7%89%A9%E5%88%A9%E7%94%A8%E7%93%B6%E7%9B%96%E7%B2%98%E8%B4%B4%E7%94%BB/,92.0,1.0,0.0,83.0,9.0,2.0,1.0,225.0,21.0,4.0,81.0,0.0,0.0,0.0,0.0,0.0
317,http://9779.info/%E5%84%BF%E7%AB%A5%E7%AB%8B%E4%BD%93%E5%8D%A1%E8%B4%B4%E7%94%BB/,74.0,1.0,0.0,65.0,9.0,2.0,1.0,225.0,19.0,4.0,63.0,0.0,0.0,0.0,0.0,0.0
319,https://twitter.com/share?url=http://www.greeteasy.com/warm-wishes-for-new-year/,72.0,3.0,0.0,61.0,11.0,2.0,1.0,225.0,13.0,7.0,24.0,0.0,0.0,0.0,0.0,0.0
323,http://9779.info/%E5%88%9D%E4%B8%AD%E7%A7%91%E6%8A%80%E7%BB%98%E7%94%BB/,65.0,1.0,0.0,56.0,9.0,2.0,1.0,225.0,18.0,4.0,54.0,0.0,0.0,0.0,0.0,0.0
324,http://9779.info/%E6%A0%91%E5%8F%B6%E6%88%BF%E5%AD%90%E7%B2%98%E8%B4%B4%E7%94%BB/,74.0,1.0,0.0,65.0,9.0,2.0,1.0,225.0,20.0,4.0,63.0,0.0,0.0,0.0,0.0,0.0
331,http://9779.info/%E9%98%BF%E7%8B%B8%E7%BA%B8%E7%BB%B3%E7%B2%98%E8%B4%B4%E7%94%BB/,74.0,1.0,0.0,65.0,9.0,2.0,1.0,225.0,16.0,4.0,63.0,0.0,0.0,0.0,0.0,0.0
336,http://9779.info/%E6%BC%82%E4%BA%AE%E5%A2%99%E7%BA%B8%E8%B4%B4%E7%94%BB/,65.0,1.0,0.0,56.0,9.0,2.0,1.0,225.0,18.0,4.0,54.0,0.0,0.0,0.0,0.0,0.0
341,http://9779.info/%E6%95%99%E5%B8%88%E6%89%8B%E5%B7%A5%E4%BD%9C%E5%93%81%E8%B4%B4%E7%94%BB/,83.0,1.0,0.0,74.0,9.0,2.0,1.0,225.0,23.0,4.0,72.0,0.0,0.0,0.0,0.0,0.0
342,http://9779.info/%E5%88%9D%E4%B8%AD%E7%94%BB%E7%9A%84%E5%AE%89%E5%85%A8%E6%89%8B%E6%8A%84%E6%8A%A5/,92.0,1.0,0.0,83.0,9.0,2.0,1.0,225.0,22.0,4.0,81.0,0.0,0.0,0.0,0.0,0.0
344,http://9779.info/%E5%85%B3%E4%BA%8E%E8%88%9E%E8%B9%88%E7%9A%84%E5%89%AA%E8%B4%B4%E7%94%BB/,83.0,1.0,0.0,74.0,9.0,2.0,1.0,225.0,21.0,4.0,72.0,0.0,0.0,0.0,0.0,0.0
345,http://9779.info/%E5%85%AD%E4%B8%80%E5%84%BF%E7%AB%A5%E6%8B%BC%E8%B4%B4%E7%94%BB/,74.0,1.0,0.0,65.0,9.0,2.0,1.0,225.0,21.0,4.0,63.0,0.0,0.0,0.0,0.0,0.0
347,http://9779.info/%E5%84%BF%E7%AB%A5%E7%B2%98%E5%9C%9F%E7%B2%98%E8%B4%B4%E7%94%BB/,74.0,1.0,0.0,65.0,9.0,2.0,1.0,225.0,17.0,4.0,63.0,0.0,0.0,0.0,0.0,0.0
351,https://maps.googleapis.com/maps/api/js?sensor=false&callback=initializeMap,67.0,2.0,0.0,10.0,19.0,3.0,1.0,225.0,10.0,10.0,4.0,2.0,0.0,0.0,36.0,13.0
354,http://9779.info/%E8%93%9D%E8%89%B2%E6%B5%B7%E6%B4%8B%E5%89%AA%E8%B4%B4%E7%94%BB/,74.0,1.0,0.0,65.0,9.0,2.0,1.0,225.0,18.0,4.0,63.0,0.0,0.0,0.0,0.0,0.0
357,http://9779.info/%E8%B1%86%E5%AD%90%E8%9D%B4%E8%9D%B6%E7%B2%98%E8%B4%B4%E7%94%BB/,74.0,1.0,0.0,65.0,9.0,2.0,1.0,225.0,17.0,4.0,63.0,0.0,0.0,0.0,0.0,0.0
358,http://9779.info/%E5%B0%8F%E7%8F%AD%E7%AB%AF%E5%8D%88%E8%8A%82%E7%9A%84%E5%89%AA%E8%B4%B4%E7%94%BB/,92.0,1.0,0.0,83.0,9.0,2.0,1.0,225.0,22.0,4.0,81.0,0.0,0.0,0.0,0.0,0.0
359,http://9779.info/%E6%9B%BE%E6%B1%9F%20%E5%9B%BD%E7%94%BB%E4%BD%9C%E5%93%81/,68.0,1.0,0.0,59.0,9.0,2.0,1.0,225.0,18.0,4.0,57.0,0.0,0.0,0.0,0.0,0.0
362,http://9779.info/%E8%8F%A0%E8%90%9D%E7%B2%98%E8%B4%B4%E7%94%BB/,56.0,1.0,0.0,47.0,9.0,2.0,1.0,225.0,14.0,4.0,45.0,0.0,0.0,0.0,0.0,0.0
365,http://9779.info/%E5%B9%BC%E5%84%BF%E5%9B%AD%E5%B0%8F%E7%8F%AD%E7%B2%98%E8%B4%B4%E7%94%BB/,83.0,1.0,0.0,74.0,9.0,2.0,1.0,225.0,19.0,4.0,72.0,0.0,0.0,0.0,0.0,0.0
367,http://9779.info/%E5%8D%A1%E9%80%9A%E7%B1%B3%E8%B4%B4%E7%94%BB%E5%9B%BE%E7%89%87/,74.0,1.0,0.0,65.0,9.0,2.0,1.0,225.0,20.0,4.0,63.0,0.0,0.0,0.0,0.0,0.0
373,http://9779.info/%E5%8F%82%E8%A7%82%E6%B5%B7%E5%BA%95%E4%B8%96%E7%95%8C%E5%89%AA%E8%B4%B4%E7%94%BB/,92.0,1.0,0.0,83.0,9.0,2.0,1.0,225.0,23.0,4.0,81.0,0.0,0.0,0.0,0.0,0.0
380,http://9779.info/%E6%BC%82%E4%BA%AE%E7%9A%84%E6%92%95%E8%B4%B4%E7%94%BB/,65.0,1.0,0.0,56.0,9.0,2.0,1.0,225.0,18.0,4.0,54.0,0.0,0.0,0.0,0.0,0.0
381,http://9779.info/%E6%B0%B4%E6%9E%9C%E6%AF%9B%E7%BA%BF%E7%B2%98%E8%B4%B4%E7%94%BB/,74.0,1.0,0.0,65.0,9.0,2.0,1.0,225.0,18.0,4.0,63.0,0.0,0.0,0.0,0.0,0.0
386,http://9779.info/%E5%89%AA%E8%B4%B4%E7%94%BB%E5%AE%B6%E4%B9%A1/,56.0,1.0,0.0,47.0,9.0,2.0,1.0,225.0,16.0,4.0,45.0,0.0,0.0,0.0,0.0,0.0
390,http://9779.info/%E5%B0%8F%E7%8F%AD%E5%B9%BC%E5%84%BF%E8%8A%B1%E7%93%B6%E6%8B%BC%E8%B4%B4%E7%94%BB/,92.0,1.0,0.0,83.0,9.0,2.0,1.0,225.0,22.0,4.0,81.0,0.0,0.0,0.0,0.0,0.0
391,http://9779.info/%E5%B9%BC%E5%84%BF%E5%9B%AD%E7%9A%B1%E7%BA%B9%E7%BA%B8%E7%B2%98%E8%B4%B4%E7%94%BB/,92.0,1.0,0.0,83.0,9.0,2.0,1.0,225.0,21.0,4.0,81.0,0.0,0.0,0.0,0.0,0.0
393,http://9779.info/%E6%89%8B%E5%B7%A5%E5%AD%97%E4%BD%93%E7%9A%B1%E7%BA%B9%E7%BA%B8%E8%B4%B4%E7%94%BB/,92.0,1.0,0.0,83.0,9.0,2.0,1.0,225.0,24.0,4.0,81.0,0.0,0.0,0.0,0.0,0.0
394,http://9779.info/%E5%9B%BD%E5%A4%96%E5%89%AA%E8%B4%B4%E7%94%BB%E5%88%9B%E6%84%8F/,74.0,1.0,0.0,65.0,9.0,2.0,1.0,225.0,19.0,4.0,63.0,0.0,0.0,0.0,0.0,0.0
397,http://9779.info/%E6%88%91%E7%9A%84%E5%AE%B6%20%E7%B2%98%E8%B4%B4%E7%94%BB/,68.0,1.0,0.0,59.0,9.0,2.0,1.0,225.0,19.0,4.0,57.0,0.0,0.0,0.0,0.0,0.0
399,http://9779.info/%E5%84%BF%E7%AB%A5%E6%89%8B%E5%B7%A5%E5%8D%A1%E7%BA%B8%E7%B2%98%E8%B4%B4%E7%94%BB/,92.0,1.0,0.0,83.0,9.0,2.0,1.0,225.0,23.0,4.0,81.0,0.0,0.0,0.0,0.0,0.0
404,http://9779.info/%E7%8C%B4%E5%AD%90%E6%A0%91%E5%8F%B6%E7%B2%98%E8%B4%B4%E7%94%BB/,74.0,1.0,0.0,65.0,9.0,2.0,1.0,225.0,19.0,4.0,63.0,0.0,0.0,0.0,0.0,0.0
406,http://9779.info/%E6%B5%B7%E6%B4%8B%E5%89%AA%E8%B4%B4%E7%94%BB%E5%9B%BE%E7%89%87/,74.0,1.0,0.0,65.0,9.0,2.0,1.0,225.0,18.0,4.0,63.0,0.0,0.0,0.0,0.0,0.0
407,http://9779.info/%E5%88%A9%E7%94%A8%E5%AD%A6%E8%BF%87%E5%9B%BE%E5%BD%A2%E6%8B%BC%E8%B4%B4%E7%94%BB/,92.0,1.0,0.0,83.0,9.0,2.0,1.0,225.0,23.0,4.0,81.0,0.0,0.0,0.0,0.0,0.0
408,http://9779.info/%E7%94%A8%E8%B1%86%E5%AD%90%E5%81%9A%E6%89%8B%E5%B7%A5%E7%B2%98%E8%B4%B4%E7%94%BB/,92.0,1.0,0.0,83.0,9.0,2.0,1.0,225.0,23.0,4.0,81.0,0.0,0.0,0.0,0.0,0.0
409,http://9779.info/%E6%B2%B9%E7%94%BB%E5%B1%B1%E6%B0%B4%E7%94%BB%E4%BD%9C%E5%93%81/,74.0,1.0,0.0,65.0,9.0,2.0,1.0,225.0,18.0,4.0,63.0,0.0,0.0,0.0,0.0,0.0
410,http://advancedphotoshop.co.uk/forum/viewforum.php?f=18&sid=2ae245e5c8120bb706e0e72a7ddcabb8,85.0,3.0,0.0,7.0,23.0,3.0,1.0,225.0,10.0,17.0,5.0,13.0,1.0,0.0,42.0,32.0
412,http://9779.info/%E7%B2%98%E5%9C%9F%E7%BA%B8%E7%9B%98%E7%B2%98%E8%B4%B4%E7%94%BB/,74.0,1.0,0.0,65.0,9.0,2.0,1.0,225.0,16.0,4.0,63.0,0.0,0.0,0.0,0.0,0.0
416,http://9779.info/%E5%B9%BC%E5%84%BF%E7%B2%BD%E5%8F%B6%E8%B4%B4%E7%94%BB/,65.0,1.0,0.0,56.0,9.0,2.0,1.0,225.0,17.0,4.0,54.0,0.0,0.0,0.0,0.0,0.0
418,http://9779.info/%E8%8B%B1%E8%AF%AD%E5%89%AA%E8%B4%B4%E7%94%BB%E5%9B%BE%E7%89%87/,74.0,1.0,0.0,65.0,9.0,2.0,1.0,225.0,18.0,4.0,63.0,0.0,0.0,0.0,0.0,0.0
419,http://9779.info/%E7%94%A8%E6%AF%9B%E7%BA%BF%20%E7%B2%98%E8%B4%B4%E7%94%BB/,68.0,1.0,0.0,59.0,9.0,2.0,1.0,225.0,17.0,4.0,57.0,0.0,0.0,0.0,0.0,0.0
422,http://9779.info/%E7%BE%8E%E7%94%B2%E8%B4%B4%E7%94%BB%E8%B4%B4%E9%92%BB%E5%9B%BE%E7%89%87/,83.0,1.0,0.0,74.0,9.0,2.0,1.0,225.0,17.0,4.0,72.0,0.0,0.0,0.0,0.0,0.0
424,http://9779.info/%E5%BA%9F%E6%97%A7%E6%8A%A5%E7%BA%B8%20%E6%8B%BC%E8%B4%B4%E7%94%BB/,77.0,1.0,0.0,68.0,9.0,2.0,1.0,225.0,20.0,4.0,66.0,0.0,0.0,0.0,0.0,0.0
427,http://9779.info/%E6%88%91%E7%88%B1%E5%A4%8F%E5%A4%A9%E7%AB%8B%E4%BD%93%E6%8B%BC%E8%B4%B4%E7%94%BB/,92.0,1.0,0.0,83.0,9.0,2.0,1.0,225.0,22.0,4.0,81.0,0.0,0.0,0.0,0.0,0.0
431,http://9779.info/%E5%84%BF%E7%AB%A5%E7%AE%80%E5%8D%95%E7%BA%B8%E8%B4%B4%E7%94%BB%E4%BD%9C%E5%93%81/,92.0,1.0,0.0,83.0,9.0,2.0,1.0,225.0,24.0,4.0,81.0,0.0,0.0,0.0,0.0,0.0
434,http://9779.info/%E8%B1%86%E5%AD%90%E7%B2%98%E8%B4%B4%E7%94%BB%20%E6%B1%BD%E8%BD%A6/,77.0,1.0,0.0,68.0,9.0,2.0,1.0,225.0,19.0,4.0,66.0,0.0,0.0,0.0,0.0,0.0
437,http://advancedphotoshop.co.uk/forum/privmsg.php?mode=post&u=1296&sid=2ae245e5c8120bb706e0e72a7ddcabb8,95.0,3.0,0.0,7.0,23.0,3.0,1.0,225.0,12.0,17.0,5.0,11.0,1.0,0.0,54.0,32.0
439,http://9779.info/%E6%A0%91%E5%8F%B6%E7%B2%98%E8%B4%B4%E7%94%BB%E6%95%99%E6%A1%88%E7%94%BB/,83.0,1.0,0.0,74.0,9.0,2.0,1.0,225.0,20.0,4.0,72.0,0.0,0.0,0.0,0.0,0.0
441,http://9779.info/%E5%BD%A9%E7%BA%B8%E7%AB%8B%E4%BD%93%E7%B2%98%E8%B4%B4%E7%94%BB/,74.0,1.0,0.0,65.0,9.0,2.0,1.0,225.0,19.0,4.0,63.0,0.0,0.0,0.0,0.0,0.0
442,http://9779.info/%E5%A4%9A%E5%BD%A9%E6%B0%91%E6%97%8F%E9%A3%8E%E5%89%AA%E8%B4%B4%E7%94%BB/,83.0,1.0,0.0,74.0,9.0,2.0,1.0,225.0,23.0,4.0,72.0,0.0,0.0,0.0,0.0,0.0
443,http://9779.info/%E7%AE%80%E5%8D%95%E7%9A%84%E7%A7%8D%E5%AD%90%E7%B2%98%E8%B4%B4%E7%94%BB%E6%B3%95/,92.0,1.0,0.0,83.0,9.0,2.0,1.0,225.0,22.0,4.0,81.0,0.0,0.0,0.0,0.0,0.0
444,http://9779.info/%E7%93%9C%E5%AD%90%E5%81%9A%E7%9A%84%E6%8B%BC%E8%B4%B4%E7%94%BB/,74.0,1.0,0.0,65.0,9.0,2.0,1.0,225.0,19.0,4.0,63.0,0.0,0.0,0.0,0.0,0.0
445,http://9779.info/%E4%BA%BA%E8%A1%8C%E9%81%93%E7%A0%96%E9%93%BA%E8%B4%B4%E5%9B%BE%E6%A1%88/,83.0,1.0,0.0,74.0,9.0,2.0,1.0,225.0,20.0,4.0,72.0,0.0,0.0,0.0,0.0,0.0
448,http://9779.info/%E5%B0%8F%E5%AD%A6%E7%94%9F%E5%85%AD%E4%B8%80%E5%89%AA%E8%B4%B4%E7%94%BB/,83.0,1.0,0.0,74.0,9.0,2.0,1.0,225.0,20.0,4.0,72.0,0.0,0.0,0.0,0.0,0.0
449,http://9779.info/%E7%81%AB%E6%9F%B4%E8%B4%B4%E7%94%BB%E9%BB%91%E5%9B%BE%E7%89%87/,74.0,1.0,0.0,65.0,9.0,2.0,1.0,225.0,19.0,4.0,63.0,0.0,0.0,0.0,0.0,0.0
453,http://9779.info/%E5%8D%A1%E9%80%9A%E4%BA%94%E8%B0%B7%E6%9D%82%E7%B2%AE%E7%B2%98%E8%B4%B4%E7%94%BB/,92.0,1.0,0.0,83.0,9.0,2.0,1.0,225.0,24.0,4.0,81.0,0.0,0.0,0.0,0.0,0.0
464,http://9779.info/%E8%8A%B1%E5%8D%89%E5%B8%83%E8%B4%B4%E7%94%BB/,56.0,1.0,0.0,47.0,9.0,2.0,1.0,225.0,15.0,4.0,45.0,0.0,0.0,0.0,0.0,0.0
465,http://advancedphotoshop.co.uk/forum/privmsg.php?mode=post&u=5&sid=2ae245e5c8120bb706e0e72a7ddcabb8,92.0,3.0,0.0,7.0,23.0,3.0,1.0,225.0,11.0,17.0,5.0,11.0,1.0,0.0,51.0,32.0
469,http://9779.info/%E8%B1%86%E5%AD%90%E7%B2%98%E8%B4%B4%E7%94%BB%E9%9D%A2%E5%85%B7/,74.0,1.0,0.0,65.0,9.0,2.0,1.0,225.0,20.0,4.0,63.0,0.0,0.0,0.0,0.0,0.0
470,http://9779.info/%E7%B2%AE%E9%A3%9F%20%E7%B2%98%E8%B4%B4%E7%94%BB/,59.0,1.0,0.0,50.0,9.0,2.0,1.0,225.0,15.0,4.0,48.0,0.0,0.0,0.0,0.0,0.0
471,http://9779.info/%E7%81%AB%E6%9F%B4%20%E5%88%9B%E6%84%8F%E8%B4%B4%E7%94%BB%E5%9B%BE%E7%89%87/,86.0,1.0,0.0,77.0,9.0,2.0,1.0,225.0,21.0,4.0,75.0,0.0,0.0,0.0,0.0,0.0
472,http://9779.info/%E5%A1%91%E6%96%99%E5%A2%99%E5%A3%81%E8%B4%B4%E7%94%BB/,65.0,1.0,0.0,56.0,9.0,2.0,1.0,225.0,17.0,4.0,54.0,0.0,0.0,0.0,0.0,0.0
473,http://9779.info/%E4%BA%8C%E5%B9%B4%E7%BA%A7%E7%9A%84%E8%B1%86%E5%AD%90%E7%B2%98%E8%B4%B4%E7%94%BB/,92.0,1.0,0.0,83.0,9.0,2.0,1.0,225.0,22.0,4.0,81.0,0.0,0.0,0.0,0.0,0.0
475,http://9779.info/%E5%B9%BC%E5%84%BF%E6%92%95%E7%BA%B8%E5%A4%AA%E9%98%B3%E7%B2%98%E8%B4%B4%E7%94%BB/,92.0,1.0,0.0,83.0,9.0,2.0,1.0,225.0,24.0,4.0,81.0,0.0,0.0,0.0,0.0,0.0
476,http://9779.info/%E7%94%A8%E7%BA%BD%E6%89%A3%E5%81%9A%E6%89%8B%E5%B7%A5%E7%B2%98%E8%B4%B4%E7%94%BB/,92.0,1.0,0.0,83.0,9.0,2.0,1.0,225.0,22.0,4.0,81.0,0.0,0.0,0.0,0.0,0.0
478,http://9779.info/%E5%B0%8F%E5%8A%A8%E7%89%A9%E6%B5%B7%E7%BB%B5%E7%BA%B8%E7%B2%98%E8%B4%B4%E7%94%BB/,92.0,1.0,0.0,83.0,9.0,2.0,1.0,225.0,22.0,4.0,81.0,0.0,0.0,0.0,0.0,0.0
479,http://9779.info/%E5%84%BF%E7%AB%A5%E8%B1%86%E7%B1%BB%E7%B2%98%E8%B4%B4%E7%94%BB/,74.0,1.0,0.0,65.0,9.0,2.0,1.0,225.0,17.0,4.0,63.0,0.0,0.0,0.0,0.0,0.0
480,http://9779.info/%E6%A0%91%E5%8F%B6%E8%B4%B4%E7%94%BB%E4%BD%9C%E5%93%81%E4%BA%BA%E7%89%A9/,83.0,1.0,0.0,74.0,9.0,2.0,1.0,225.0,22.0,4.0,72.0,0.0,0.0,0.0,0.0,0.0
481,http://9779.info/%E5%B9%BC%E5%84%BF%E7%AE%80%E5%8D%95%E6%89%8B%E5%B7%A5%E7%B2%98%E8%B4%B4%E7%94%BB/,92.0,1.0,0.0,83.0,9.0,2.0,1.0,225.0,24.0,4.0,81.0,0.0,0.0,0.0,0.0,0.0
487,http://9779.info/%E5%8D%A1%E7%BA%B8%E7%AB%8B%E4%BD%93%E5%8A%A8%E7%89%A9%E6%8B%BC%E8%B4%B4%E7%94%BB/,92.0,1.0,0.0,83.0,9.0,2.0,1.0,225.0,24.0,4.0,81.0,0.0,0.0,0.0,0.0,0.0
494,http://9779.info/%E5%95%86%E6%A0%87%E5%89%AA%E8%B4%B4%E7%94%BB/,56.0,1.0,0.0,47.0,9.0,2.0,1.0,225.0,16.0,4.0,45.0,0.0,0.0,0.0,0.0,0.0
495,http://9779.info/%E6%8A%98%E7%BA%B8%E8%8A%B1%E6%8B%BC%E8%B4%B4%E7%94%BB/,65.0,1.0,0.0,56.0,9.0,2.0,1.0,225.0,16.0,4.0,54.0,0.0,0.0,0.0,0.0,0.0
498,http://advancedphotoshop.co.uk/forum/viewtopic.php?p=2131&sid=ed31f9707333a48e2d2a0c6e87e7287a,87.0,3.0,0.0,7.0,23.0,3.0,1.0,225.0,10.0,17.0,5.0,13.0,1.0,0.0,44.0,32.0
502,http://pinterest.com/pin/create/button/?url=http://www.greeteasy.com/i-am-lucky-to-have-a-teacher-like-you/&media=http://media.zumvu.com/2014/blog-photos/20140121-4-1390316369-161-1390316327.png,187.0,6.0,0.0,134.0,13.0,2.0,1.0,225.0,26.0,9.0,37.0,40.0,1.0,4.0,0.0,0.0
504,http://9779.info/%E5%B0%8F%E5%AD%A6%E7%94%9F%E8%BD%B4%E5%AF%B9%E7%A7%B0%E5%89%AA%E8%B4%B4%E7%94%BB/,92.0,1.0,0.0,83.0,9.0,2.0,1.0,225.0,20.0,4.0,81.0,0.0,0.0,0.0,0.0,0.0
505,http://9779.info/%E8%BD%BB%E7%B2%98%E5%9C%9F%E7%B2%98%E8%B4%B4%E7%94%BB/,65.0,1.0,0.0,56.0,9.0,2.0,1.0,225.0,14.0,4.0,54.0,0.0,0.0,0.0,0.0,0.0
507,http://9779.info/%E5%B9%BC%E5%84%BF%E5%9B%AD%E6%89%A3%E5%AD%90%E7%B2%98%E8%B4%B4%E7%94%BB/,83.0,1.0,0.0,74.0,9.0,2.0,1.0,225.0,21.0,4.0,72.0,0.0,0.0,0.0,0.0,0.0
508,http://home.comcast.net/~laceyspop/index.htm,37.0,3.0,0.0,12.0,16.0,3.0,1.0,225.0,7.0,7.0,10.0,9.0,1.0,0.0,0.0,0.0
509,http://9779.info/%E5%BA%9F%E7%89%A9%E5%88%A9%E7%94%A8%E5%89%AA%E8%B4%B4%E7%94%BB/,74.0,1.0,0.0,65.0,9.0,2.0,1.0,225.0,16.0,4.0,63.0,0.0,0.0,0.0,0.0,0.0
511,http://9779.info/%E5%89%91%E4%B8%89%E4%B8%90%E5%B8%AE%E5%8E%9F%E7%94%BB/,65.0,1.0,0.0,56.0,9.0,2.0,1.0,225.0,15.0,4.0,54.0,0.0,0.0,0.0,0.0,0.0
513,http://9779.info/%E5%87%A0%E4%BD%95%E5%9B%BE%E5%BD%A2%E6%88%BF%E5%AD%90%E6%8B%BC%E8%B4%B4%E7%94%BB/,92.0,1.0,0.0,83.0,9.0,2.0,1.0,225.0,24.0,4.0,81.0,0.0,0.0,0.0,0.0,0.0
514,http://9779.info/%E5%84%BF%E7%AB%A5%E7%B2%98%E8%B4%B4%E7%94%BB/,56.0,1.0,0.0,47.0,9.0,2.0,1.0,225.0,15.0,4.0,45.0,0.0,0.0,0.0,0.0,0.0
516,http://9779.info/%E4%BA%BA%E7%89%A9%E8%9B%8B%E8%B4%B4%E7%94%BB%E5%9B%BE%E7%89%87/,74.0,1.0,0.0,65.0,9.0,2.0,1.0,225.0,17.0,4.0,63.0,0.0,0.0,0.0,0.0,0.0
518,http://9779.info/%E5%84%BF%E7%AB%A5%E6%88%BF%E8%B4%B4%E7%94%BB%E6%95%88%E6%9E%9C%E5%9B%BE/,83.0,1.0,0.0,74.0,9.0,2.0,1.0,225.0,20.0,4.0,72.0,0.0,0.0,0.0,0.0,0.0
524,http://9779.info/%E5%B9%BF%E5%91%8A%E6%8B%9B%E8%B4%B4%E7%94%BB%E7%8E%AF%E4%BF%9D%E5%9B%BE%E7%89%87/,92.0,1.0,0.0,83.0,9.0,2.0,1.0,225.0,23.0,4.0,81.0,0.0,0.0,0.0,0.0,0.0
525,http://9779.info/%E8%9D%B4%E8%9D%B6%20%E8%B4%B4%E7%94%BB%E5%9B%BE%E7%89%87/,68.0,1.0,0.0,59.0,9.0,2.0,1.0,225.0,16.0,4.0,57.0,0.0,0.0,0.0,0.0,0.0
526,http://twitter.com/share?url=http://www.greeteasy.com/salute-the-tricolor/,67.0,3.0,0.0,56.0,11.0,2.0,1.0,225.0,10.0,7.0,19.0,0.0,0.0,0.0,0.0,0.0
530,http://9779.info/%E6%98%86%E6%9B%B2%E5%89%AA%E8%B4%B4%E7%94%BB/,56.0,1.0,0.0,47.0,9.0,2.0,1.0,225.0,16.0,4.0,45.0,0.0,0.0,0.0,0.0,0.0
535,http://9779.info/%E6%8A%98%E7%BA%B8%E6%89%87%E5%AD%90%E6%8B%BC%E8%B4%B4%E7%94%BB/,74.0,1.0,0.0,65.0,9.0,2.0,1.0,225.0,20.0,4.0,63.0,0.0,0.0,0.0,0.0,0.0
536,http://9779.info/%E5%8D%A1%E7%BA%B8%E6%89%8B%E5%B7%A5%E5%88%B6%E4%BD%9C%E7%B2%98%E8%B4%B4%E7%94%BB/,92.0,1.0,0.0,83.0,9.0,2.0,1.0,225.0,25.0,4.0,81.0,0.0,0.0,0.0,0.0,0.0
544,http://9779.info/%E5%89%AA%E8%B4%B4%E7%94%BB%E5%9B%BE%E7%89%87%E5%A4%A7%E5%85%A8/,74.0,1.0,0.0,65.0,9.0,2.0,1.0,225.0,18.0,4.0,63.0,0.0,0.0,0.0,0.0,0.0
546,http://9779.info/%E5%88%9B%E6%84%8F%E7%BE%8E%E6%9C%AF%E5%89%AA%E8%B4%B4%E7%94%BB%E4%BD%9C%E5%93%81/,92.0,1.0,0.0,83.0,9.0,2.0,1.0,225.0,24.0,4.0,81.0,0.0,0.0,0.0,0.0,0.0
553,http://9779.info/%E6%89%8B%E5%B7%A5%E5%84%BF%E7%AB%A5%E7%BA%B8%E8%B4%B4%E7%94%BB/,74.0,1.0,0.0,65.0,9.0,2.0,1.0,225.0,19.0,4.0,63.0,0.0,0.0,0.0,0.0,0.0
558,http://9779.info/%E5%B9%BC%E5%84%BF%E5%9B%AD%E6%B5%B7%E6%A3%89%E7%BA%B8%E5%89%AA%E8%B4%B4%E7%94%BB/,92.0,1.0,0.0,83.0,9.0,2.0,1.0,225.0,23.0,4.0,81.0,0.0,0.0,0.0,0.0,0.0
559,http://9779.info/%E5%BD%A9%E8%89%B2%E8%9B%8B%E5%A3%B3%E6%8B%BC%E8%B4%B4%E7%94%BB%E5%9B%BE%E7%89%87/,92.0,1.0,0.0,83.0,9.0,2.0,1.0,225.0,21.0,4.0,81.0,0.0,0.0,0.0,0.0,0.0
561,http://9779.info/%E7%93%9C%E5%AD%90%E7%9A%AE%E6%8B%BC%E8%B4%B4%E7%94%BB/,65.0,1.0,0.0,56.0,9.0,2.0,1.0,225.0,18.0,4.0,54.0,0.0,0.0,0.0,0.0,0.0
563,http://9779.info/%E5%B9%BC%E5%84%BF%E6%A3%89%E6%A3%92%E7%B2%98%E8%B4%B4%E7%94%BB/,74.0,1.0,0.0,65.0,9.0,2.0,1.0,225.0,19.0,4.0,63.0,0.0,0.0,0.0,0.0,0.0
566,http://9779.info/%E7%94%A8%E6%B5%B7%E6%A3%89%E7%BA%B8%E5%81%9A%E6%89%8B%E5%B7%A5%E8%B4%B4%E7%94%BB/,92.0,1.0,0.0,83.0,9.0,2.0,1.0,225.0,21.0,4.0,81.0,0.0,0.0,0.0,0.0,0.0
569,http://home.comcast.net/~bernhardrb/redirect.html,42.0,3.0,0.0,13.0,16.0,3.0,1.0,225.0,7.0,7.0,11.0,13.0,1.0,0.0,0.0,0.0
573,http://9779.info/%E7%9A%B1%E7%BA%B9%E7%BA%B8%E5%9B%A2%E7%BA%B8%E8%B4%B4%E7%94%BB/,74.0,1.0,0.0,65.0,9.0,2.0,1.0,225.0,16.0,4.0,63.0,0.0,0.0,0.0,0.0,0.0
575,http://9779.info/%E5%85%B3%E4%BA%8E%E5%88%86%E4%BA%AB%E7%9A%84%E7%B2%98%E8%B4%B4%E7%94%BB/,83.0,1.0,0.0,74.0,9.0,2.0,1.0,225.0,21.0,4.0,72.0,0.0,0.0,0.0,0.0,0.0
578,http://advancedphotoshop.co.uk/forum/posting.php?mode=newtopic&f=7&sid=26d53f4db62e0d719d590e47f6cb6c09,96.0,3.0,0.0,7.0,23.0,3.0,1.0,225.0,11.0,17.0,5.0,11.0,1.0,0.0,55.0,32.0
579,http://advancedphotoshop.co.uk/forum/posting.php?mode=quote&p=987&sid=2ae245e5c8120bb706e0e72a7ddcabb8,95.0,3.0,0.0,7.0,23.0,3.0,1.0,225.0,12.0,17.0,5.0,11.0,1.0,0.0,54.0,32.0
582,http://advancedphotoshop.co.uk/forum/posting.php?mode=quote&p=121&sid=2ae245e5c8120bb706e0e72a7ddcabb8,95.0,3.0,0.0,7.0,23.0,3.0,1.0,225.0,12.0,17.0,5.0,11.0,1.0,0.0,54.0,32.0
586,http://9779.info/%E5%B9%BC%E5%84%BF%E5%9B%AD%E8%9B%8B%E5%A3%B3%E7%B2%98%E8%B4%B4%E7%94%BB%E5%9B%BE%E7%89%87/,101.0,1.0,0.0,92.0,9.0,2.0,1.0,225.0,23.0,4.0,90.0,0.0,0.0,0.0,0.0,0.0
590,http://9779.info/%E5%8E%8B%E5%B2%81%E9%92%B1%20%E5%89%AA%E8%B4%B4%E7%94%BB/,68.0,1.0,0.0,59.0,9.0,2.0,1.0,225.0,19.0,4.0,57.0,0.0,0.0,0.0,0.0,0.0
591,http://9779.info/%E5%84%BF%E7%AB%A5%E5%9C%A3%E8%AF%9E%E8%B4%B4%E7%94%BB%E4%BD%9C%E5%93%81/,83.0,1.0,0.0,74.0,9.0,2.0,1.0,225.0,21.0,4.0,72.0,0.0,0.0,0.0,0.0,0.0
598,http://9779.info/%E5%84%BF%E7%AB%A5%E4%BC%98%E7%A7%80%E5%9B%BE%E7%94%BB%E4%BD%9C%E5%93%81/,83.0,1.0,0.0,74.0,9.0,2.0,1.0,225.0,22.0,4.0,72.0,0.0,0.0,0.0,0.0,0.0
609,http://9779.info/%E6%A0%91%E5%8F%B6%E7%B2%98%E8%B4%B4%E7%94%BB%E6%B4%BB%E5%8A%A8/,74.0,1.0,0.0,65.0,9.0,2.0,1.0,225.0,18.0,4.0,63.0,0.0,0.0,0.0,0.0,0.0
612,http://9779.info/%E5%B0%91%E5%84%BF%E7%A7%8D%E5%AD%90%E7%B2%98%E8%B4%B4%E7%94%BB/,74.0,1.0,0.0,65.0,9.0,2.0,1.0,225.0,19.0,4.0,63.0,0.0,0.0,0.0,0.0,0.0
617,http://9779.info/%E7%B2%98%E8%B4%B4%E7%94%BB%E6%95%99%E5%B8%88%E4%BD%9C%E5%93%81/,74.0,1.0,0.0,65.0,9.0,2.0,1.0,225.0,21.0,4.0,63.0,0.0,0.0,0.0,0.0,0.0
618,http://advancedphotoshop.co.uk/forum/posting.php?mode=quote&p=510&sid=ed31f9707333a48e2d2a0c6e87e7287a,95.0,3.0,0.0,7.0,23.0,3.0,1.0,225.0,12.0,17.0,5.0,11.0,1.0,0.0,54.0,32.0
620,http://9779.info/%E7%94%A8%E5%A4%A7%E7%B1%B3%E8%B4%B4%E7%94%BB%E5%9B%BE%E7%89%87/,74.0,1.0,0.0,65.0,9.0,2.0,1.0,225.0,18.0,4.0,63.0,0.0,0.0,0.0,0.0,0.0
621,http://9779.info/%E5%9C%B0%E9%9C%87%E7%81%BE%E5%AE%B3%E7%BB%98%E7%94%BB%E4%BD%9C%E5%93%81/,83.0,1.0,0.0,74.0,9.0,2.0,1.0,225.0,19.0,4.0,72.0,0.0,0.0,0.0,0.0,0.0
622,http://9779.info/%E5%90%8C%E5%88%9B%E7%BB%98%E7%94%BB%E4%BD%9C%E5%93%81/,65.0,1.0,0.0,56.0,9.0,2.0,1.0,225.0,17.0,4.0,54.0,0.0,0.0,0.0,0.0,0.0
626,http://9779.info/%E5%B9%BC%E5%84%BF%E7%B2%98%E8%B4%B4%E7%94%BB%E9%A3%8E%E6%99%AF/,74.0,1.0,0.0,65.0,9.0,2.0,1.0,225.0,21.0,4.0,63.0,0.0,0.0,0.0,0.0,0.0
627,http://9779.info/%E6%9F%93%E7%BA%B8%E4%BD%9C%E5%93%81%E5%89%AA%E8%B4%B4%E7%94%BB/,74.0,1.0,0.0,65.0,9.0,2.0,1.0,225.0,20.0,4.0,63.0,0.0,0.0,0.0,0.0,0.0
631,http://9779.info/%E5%B0%8F%E7%8F%AD%E5%B9%BC%E5%84%BF%E5%9B%BE%E5%BD%A2%E7%B2%98%E8%B4%B4%E7%94%BB/,92.0,1.0,0.0,83.0,9.0,2.0,1.0,225.0,22.0,4.0,81.0,0.0,0.0,0.0,0.0,0.0
632,http://9779.info/%E7%BB%BC%E5%90%88%E6%9D%90%E6%96%99%E7%AB%8B%E4%BD%93%E7%B2%98%E8%B4%B4%E7%94%BB/,92.0,1.0,0.0,83.0,9.0,2.0,1.0,225.0,23.0,4.0,81.0,0.0,0.0,0.0,0.0,0.0
633,http://9779.info/%E5%90%84%E7%A7%8D%E8%B1%86%E8%B1%86%E7%B2%98%E8%B4%B4%E7%94%BB/,74.0,1.0,0.0,65.0,9.0,2.0,1.0,225.0,17.0,4.0,63.0,0.0,0.0,0.0,0.0,0.0
635,http://9779.info/%E5%B8%83%E8%89%BA%E7%B2%98%E8%B4%B4%E7%94%BB/,56.0,1.0,0.0,47.0,9.0,2.0,1.0,225.0,15.0,4.0,45.0,0.0,0.0,0.0,0.0,0.0
638,http://9779.info/%E7%BA%A2%E7%BB%BF%E8%93%9D%E7%9A%B1%E7%BA%B9%E7%BA%B8%E7%B2%98%E8%B4%B4%E7%94%BB/,92.0,1.0,0.0,83.0,9.0,2.0,1.0,225.0,19.0,4.0,81.0,0.0,0.0,0.0,0.0,0.0
639,http://9779.info/%E4%BA%B2%E5%AD%90%E6%A3%89%E8%8A%B1%E7%B2%98%E8%B4%B4%E7%94%BB/,74.0,1.0,0.0,65.0,9.0,2.0,1.0,225.0,20.0,4.0,63.0,0.0,0.0,0.0,0.0,0.0
645,http://advancedphotoshop.co.uk/forum/posting.php?mode=quote&p=881&sid=ed31f9707333a48e2d2a0c6e87e7287a,95.0,3.0,0.0,7.0,23.0,3.0,1.0,225.0,12.0,17.0,5.0,11.0,1.0,0.0,54.0,32.0
652,http://9779.info/%E8%B1%86%E5%AD%90%E7%B2%98%E8%B4%B4%E7%94%BB%E8%9D%B4%E8%9D%B6/,74.0,1.0,0.0,65.0,9.0,2.0,1.0,225.0,17.0,4.0,63.0,0.0,0.0,0.0,0.0,0.0
653,http://9779.info/%E5%B9%BC%E5%84%BF%E5%9B%AD%E8%80%81%E5%B8%88%E8%B4%B4%E7%94%BB%E4%BD%9C%E5%93%81/,92.0,1.0,0.0,83.0,9.0,2.0,1.0,225.0,23.0,4.0,81.0,0.0,0.0,0.0,0.0,0.0
654,http://9779.info/%E4%B8%89%E5%B9%B4%E7%BA%A7%E9%A3%8E%E6%99%AF%E7%94%BB%E4%BD%9C%E5%93%81/,83.0,1.0,0.0,74.0,9.0,2.0,1.0,225.0,24.0,4.0,72.0,0.0,0.0,0.0,0.0,0.0
656,http://9779.info/%E6%89%8B%E5%B7%A5%E8%B4%9D%E5%A3%B3%E7%B1%BB%E7%B2%98%E8%B4%B4%E7%94%BB/,83.0,1.0,0.0,74.0,9.0,2.0,1.0,225.0,20.0,4.0,72.0,0.0,0.0,0.0,0.0,0.0
657,http://9779.info/%E6%81%90%E9%BE%99%E6%A0%91%E5%8F%B6%E8%B4%B4%E7%94%BB%E4%BD%9C%E5%93%81/,83.0,1.0,0.0,74.0,9.0,2.0,1.0,225.0,23.0,4.0,72.0,0.0,0.0,0.0,0.0,0.0
662,http://9779.info/%E6%9C%89%E5%85%B3%E7%BA%B8%E8%B4%B4%E7%94%BB%E7%9A%84%E5%9B%BE%E7%89%87/,83.0,1.0,0.0,74.0,9.0,2.0,1.0,225.0,21.0,4.0,72.0,0.0,0.0,0.0,0.0,0.0
663,http://9779.info/%E5%85%B3%E4%BA%8E%E6%A1%83%E8%8A%B1%E7%9A%84%E7%B2%98%E8%B4%B4%E7%94%BB/,83.0,1.0,0.0,74.0,9.0,2.0,1.0,225.0,23.0,4.0,72.0,0.0,0.0,0.0,0.0,0.0
667,http://9779.info/%E7%B2%98%E8%B4%B4%E7%94%BB%E4%BD%9C%E5%93%81%E5%B1%95/,65.0,1.0,0.0,56.0,9.0,2.0,1.0,225.0,18.0,4.0,54.0,0.0,0.0,0.0,0.0,0.0
669,http://9779.info/%E8%9D%B4%E8%9D%B6%E6%8A%98%E7%BA%B8%E8%B4%B4%E7%94%BB%E5%9B%BE%E7%89%87/,83.0,1.0,0.0,74.0,9.0,2.0,1.0,225.0,20.0,4.0,72.0,0.0,0.0,0.0,0.0,0.0
670,http://9779.info/%E5%89%AA%E7%BA%B8%E4%B8%BB%E9%A2%98%E5%A2%99%E5%B8%83%E7%BD%AE/,74.0,1.0,0.0,65.0,9.0,2.0,1.0,225.0,18.0,4.0,63.0,0.0,0.0,0.0,0.0,0.0
676,http://advancedphotoshop.co.uk/forum/viewtopic.php?p=2605&sid=2ae245e5c8120bb706e0e72a7ddcabb8,87.0,3.0,0.0,7.0,23.0,3.0,1.0,225.0,10.0,17.0,5.0,13.0,1.0,0.0,44.0,32.0
677,http://9779.info/%E5%88%9D%E4%B8%AD%E5%A4%A9%E5%AE%89%E9%97%A8%E5%9B%BE%E7%94%BB%E4%BD%9C%E5%93%81/,92.0,1.0,0.0,83.0,9.0,2.0,1.0,225.0,25.0,4.0,81.0,0.0,0.0,0.0,0.0,0.0
678,http://9779.info/%E7%BA%B8%E5%9D%97%E6%8B%BC%E8%B4%B4%E7%94%BB%E5%9B%BE%E7%89%87/,74.0,1.0,0.0,65.0,9.0,2.0,1.0,225.0,20.0,4.0,63.0,0.0,0.0,0.0,0.0,0.0
682,http://9779.info/%E6%A0%91%E5%8F%B6%E7%B2%98%E8%B4%B4%E7%94%BB%E4%BA%BA/,65.0,1.0,0.0,56.0,9.0,2.0,1.0,225.0,18.0,4.0,54.0,0.0,0.0,0.0,0.0,0.0
685,http://9779.info/%E5%BD%A9%E7%BA%B8%E5%89%AA%E8%B4%B4%E7%94%BB%E5%AD%94%E9%9B%80/,74.0,1.0,0.0,65.0,9.0,2.0,1.0,225.0,19.0,4.0,63.0,0.0,0.0,0.0,0.0,0.0
692,http://9779.info/%E8%8A%B1%E6%9C%B5%E6%AF%9B%E7%BA%BF%E8%B4%B4%E7%94%BB/,65.0,1.0,0.0,56.0,9.0,2.0,1.0,225.0,17.0,4.0,54.0,0.0,0.0,0.0,0.0,0.0
693,http://9779.info/%E8%A1%8D%E7%BA%B8%E8%B4%B4%E7%94%BB%E5%9B%BE%E7%89%87%E6%AC%A3%E8%B5%8F/2.html,89.0,2.0,0.0,74.0,9.0,2.0,1.0,225.0,23.0,4.0,72.0,6.0,1.0,0.0,0.0,0.0
700,http://9779.info/%E7%81%AB%E6%9F%B4%E5%84%BF%E7%AB%A5%E8%B4%B4%E7%94%BB/,65.0,1.0,0.0,56.0,9.0,2.0,1.0,225.0,16.0,4.0,54.0,0.0,0.0,0.0,0.0,0.0
705,http://9779.info/%E6%A0%91%E5%8F%B6%E8%8A%B1%E7%93%A3%E8%B4%B4%E7%94%BB%E4%BD%9C%E5%93%81/,83.0,1.0,0.0,74.0,9.0,2.0,1.0,225.0,22.0,4.0,72.0,0.0,0.0,0.0,0.0,0.0
712,http://twitter.com/statuses/user_timeline/theyerg.json?callback=twitterCallback2&count=2,81.0,2.0,0.0,24.0,11.0,2.0,1.0,225.0,10.0,7.0,13.0,12.0,1.0,0.0,34.0,16.0
715,http://9779.info/%E5%84%BF%E7%AB%A5%E7%BA%B8%E5%B7%BE%E8%B4%B4%E7%94%BB/,65.0,1.0,0.0,56.0,9.0,2.0,1.0,225.0,17.0,4.0,54.0,0.0,0.0,0.0,0.0,0.0
725,http://9779.info/%E4%B8%AD%E7%8F%AD%E6%AF%9B%E7%BA%BF%E7%B2%98%E8%B4%B4%E7%94%BB%E5%9B%BE%E7%89%87/,92.0,1.0,0.0,83.0,9.0,2.0,1.0,225.0,23.0,4.0,81.0,0.0,0.0,0.0,0.0,0.0
726,http://9779.info/%E5%B9%BC%E5%84%BF%E5%9B%AD%E6%A3%89%E7%AD%BE%E7%B2%98%E8%B4%B4%E7%94%BB/,83.0,1.0,0.0,74.0,9.0,2.0,1.0,225.0,21.0,4.0,72.0,0.0,0.0,0.0,0.0,0.0
735,http://9779.info/%E8%B1%86%E5%AD%90%E7%B2%98%E8%B4%B4%E7%94%BB%E7%94%A8%E4%BB%80%E4%B9%88%E7%B2%98/,92.0,1.0,0.0,83.0,9.0,2.0,1.0,225.0,20.0,4.0,81.0,0.0,0.0,0.0,0.0,0.0
737,http://9779.info/%E6%9C%89%E5%85%B3%E7%A7%8B%E5%A4%A9%E7%9A%84%E6%8B%BC%E8%B4%B4%E7%94%BB/,83.0,1.0,0.0,74.0,9.0,2.0,1.0,225.0,21.0,4.0,72.0,0.0,0.0,0.0,0.0,0.0
738,http://9779.info/%E7%AE%80%E5%8D%95%E7%9A%84%E7%B2%BD%E5%AD%90%E7%94%BB%E6%B3%95/,74.0,1.0,0.0,65.0,9.0,2.0,1.0,225.0,19.0,4.0,63.0,0.0,0.0,0.0,0.0,0.0
743,http://twitter.com/share?url=http://www.greeteasy.com/sending-warm-wishes-on-ganesh-chaturthi/,87.0,3.0,0.0,76.0,11.0,2.0,1.0,225.0,13.0,7.0,39.0,0.0,0.0,0.0,0.0,0.0
745,http://9779.info/%E5%84%BF%E7%AB%A5%E9%BA%A6%E6%9D%86%E8%B4%B4%E7%94%BB/,65.0,1.0,0.0,56.0,9.0,2.0,1.0,225.0,19.0,4.0,54.0,0.0,0.0,0.0,0.0,0.0
748,http://9779.info/%E5%85%AD%E4%B8%80%E5%BA%9F%E7%89%A9%E5%88%A9%E7%94%A8%E7%B2%98%E8%B4%B4%E7%94%BB/,92.0,1.0,0.0,83.0,9.0,2.0,1.0,225.0,22.0,4.0,81.0,0.0,0.0,0.0,0.0,0.0
752,http://9779.info/%E9%95%BF%E9%A2%88%E9%B9%BF%E6%A0%91%E5%8F%B6%E8%B4%B4%E7%94%BB%E4%BD%9C%E5%93%81/,92.0,1.0,0.0,83.0,9.0,2.0,1.0,225.0,25.0,4.0,81.0,0.0,0.0,0.0,0.0,0.0
756,http://9779.info/%E6%9C%89%E5%85%B3%E6%88%8F%E6%9B%B2%E7%9A%84%E5%89%AA%E8%B4%B4%E7%94%BB/,83.0,1.0,0.0,74.0,9.0,2.0,1.0,225.0,21.0,4.0,72.0,0.0,0.0,0.0,0.0,0.0
762,http://9779.info/%E4%B8%AD%E7%8F%AD%E6%92%95%E8%B4%B4%E7%94%BB%E5%9B%BE%E7%89%87%E6%AC%A3%E8%B5%8F/,92.0,1.0,0.0,83.0,9.0,2.0,1.0,225.0,23.0,4.0,81.0,0.0,0.0,0.0,0.0,0.0
772,http://9779.info/%E5%88%9B%E6%84%8F%E6%8B%BC%E8%B4%B4%E7%94%BB%E4%BC%98%E7%A7%80%E4%BD%9C%E5%93%81/,92.0,1.0,0.0,83.0,9.0,2.0,1.0,225.0,24.0,4.0,81.0,0.0,0.0,0.0,0.0,0.0
773,http://9779.info/%E6%AF%9B%E7%BA%BF%E7%B2%98%E8%B4%B4%E7%94%BB%E8%8A%B1/,65.0,1.0,0.0,56.0,9.0,2.0,1.0,225.0,17.0,4.0,54.0,0.0,0.0,0.0,0.0,0.0
784,http://9779.info/%E7%AE%80%E5%8D%95%E6%8A%98%E7%BA%B8%E7%B2%98%E8%B4%B4%E7%94%BB/,74.0,1.0,0.0,65.0,9.0,2.0,1.0,225.0,19.0,4.0,63.0,0.0,0.0,0.0,0.0,0.0
787,http://advancedphotoshop.co.uk/forum/posting.php?mode=quote&p=562&sid=ed31f9707333a48e2d2a0c6e87e7287a,95.0,3.0,0.0,7.0,23.0,3.0,1.0,225.0,12.0,17.0,5.0,11.0,1.0,0.0,54.0,32.0
790,http://9779.info/%E5%85%B3%E4%BA%8E%E6%A0%91%E7%9A%84%E5%B8%83%E8%B4%B4%E7%94%BB%E5%9B%BE%E7%89%87/,92.0,1.0,0.0,83.0,9.0,2.0,1.0,225.0,25.0,4.0,81.0,0.0,0.0,0.0,0.0,0.0
795,http://9779.info/%E6%AD%8C%E9%85%8D%E7%94%BB%E4%BD%9C%E5%93%81/,56.0,1.0,0.0,47.0,9.0,2.0,1.0,225.0,18.0,4.0,45.0,0.0,0.0,0.0,0.0,0.0
796,http://9779.info/%E5%B9%BC%E5%84%BF%E5%9B%AD%E5%B0%8F%E7%8F%AD%E4%BA%B2%E5%AD%90%E8%B4%B4%E7%94%BB/,92.0,1.0,0.0,83.0,9.0,2.0,1.0,225.0,21.0,4.0,81.0,0.0,0.0,0.0,0.0,0.0
805,http://9779.info/%E5%BE%97%E5%A5%96%E7%B2%98%E8%B4%B4%E7%94%BB%E5%9B%BE%E7%89%87%E6%AC%A3%E8%B5%8F/,92.0,1.0,0.0,83.0,9.0,2.0,1.0,225.0,23.0,4.0,81.0,0.0,0.0,0.0,0.0,0.0
807,http://9779.info/%E5%B9%BC%E5%84%BF%E5%9B%AD%E5%A2%99%E4%B8%8A%E8%B4%B4%E7%94%BB%E5%9B%BE%E7%89%87/,92.0,1.0,0.0,83.0,9.0,2.0,1.0,225.0,23.0,4.0,81.0,0.0,0.0,0.0,0.0,0.0
809,http://9779.info/%E5%A2%99%E5%A3%81%E8%B4%B4%E7%94%BB%E6%95%88%E6%9E%9C%E5%A4%A7%E5%9B%BE/,83.0,1.0,0.0,74.0,9.0,2.0,1.0,225.0,22.0,4.0,72.0,0.0,0.0,0.0,0.0,0.0
813,http://9779.info/%E6%A0%91%E5%8F%B6%E8%B4%B4%E7%94%BB%E4%BD%9C%E5%93%81%E5%94%AF%E7%BE%8E/,83.0,1.0,0.0,74.0,9.0,2.0,1.0,225.0,22.0,4.0,72.0,0.0,0.0,0.0,0.0,0.0
814,http://9779.info/%E5%B9%BC%E5%84%BF%E5%B0%8F%E7%8F%AD%E6%89%8B%E5%B7%A5%E7%B2%98%E8%B4%B4%E7%94%BB/,92.0,1.0,0.0,83.0,9.0,2.0,1.0,225.0,23.0,4.0,81.0,0.0,0.0,0.0,0.0,0.0
818,http://9779.info/%E8%87%AA%E5%88%B6%E8%B4%9D%E5%A3%B3%E7%B2%98%E8%B4%B4%E7%94%BB/,74.0,1.0,0.0,65.0,9.0,2.0,1.0,225.0,18.0,4.0,63.0,0.0,0.0,0.0,0.0,0.0
824,https://twitter.com/share?url=http://www.greeteasy.com/happy-ganesh-chaturthi/,70.0,3.0,0.0,59.0,11.0,2.0,1.0,225.0,11.0,7.0,22.0,0.0,0.0,0.0,0.0,0.0
830,http://9779.info/ppt%E5%89%AA%E8%B4%B4%E7%94%BB%E5%9B%BE%E7%89%87%E5%85%89%E7%9B%98/,77.0,1.0,0.0,68.0,9.0,2.0,1.0,225.0,17.0,4.0,66.0,0.0,0.0,0.0,0.0,0.0
832,http://9779.info/%E4%B8%B0%E6%94%B6%E5%89%AA%E8%B4%B4%E7%94%BB%E5%9B%BE%E7%89%87/,74.0,1.0,0.0,65.0,9.0,2.0,1.0,225.0,19.0,4.0,63.0,0.0,0.0,0.0,0.0,0.0
836,http://9779.info/%E5%B0%8F%E9%9D%92%E8%9B%99%E6%A0%91%E5%8F%B6%E8%B4%B4%E7%94%BB%E4%BD%9C%E5%93%81/,92.0,1.0,0.0,83.0,9.0,2.0,1.0,225.0,25.0,4.0,81.0,0.0,0.0,0.0,0.0,0.0
839,http://aquent.co.uk/Services/Consulting/WhyAquent.html,47.0,3.0,0.0,21.0,12.0,3.0,1.0,225.0,8.0,6.0,10.0,14.0,1.0,0.0,0.0,0.0
852,http://9779.info/%E5%B9%BC%E5%84%BF%E7%AE%80%E5%8D%95%E7%B2%98%E8%B4%B4%E7%94%BB%E6%B3%95/,83.0,1.0,0.0,74.0,9.0,2.0,1.0,225.0,21.0,4.0,72.0,0.0,0.0,0.0,0.0,0.0
855,http://advancedphotoshop.co.uk/forum/posting.php?mode=quote&p=401&sid=2ae245e5c8120bb706e0e72a7ddcabb8,95.0,3.0,0.0,7.0,23.0,3.0,1.0,225.0,12.0,17.0,5.0,11.0,1.0,0.0,54.0,32.0
862,http://9779.info/%E8%9D%8C%E8%9A%AA%E6%89%BE%E5%A6%88%E5%A6%88%E5%89%AA%E8%B4%B4%E7%94%BB/,83.0,1.0,0.0,74.0,9.0,2.0,1.0,225.0,18.0,4.0,72.0,0.0,0.0,0.0,0.0,0.0
873,http://9779.info/%E5%85%B3%E4%BA%8E%E7%AB%AF%E5%8D%88%E5%89%AA%E8%B4%B4%E7%94%BB/,74.0,1.0,0.0,65.0,9.0,2.0,1.0,225.0,20.0,4.0,63.0,0.0,0.0,0.0,0.0,0.0
877,http://9779.info/%E7%93%9C%E5%AD%90%E7%B1%B3%E7%B2%92%E6%8B%BC%E8%B4%B4%E7%94%BB/,74.0,1.0,0.0,65.0,9.0,2.0,1.0,225.0,20.0,4.0,63.0,0.0,0.0,0.0,0.0,0.0
878,http://9779.info/%E7%AB%8B%E4%BD%93%E5%B8%83%E8%B4%B4%E7%94%BB%E5%9B%BE%E7%89%87/,74.0,1.0,0.0,65.0,9.0,2.0,1.0,225.0,20.0,4.0,63.0,0.0,0.0,0.0,0.0,0.0
889,http://advancedphotoshop.co.uk/forum/posting.php?mode=quote&p=613&sid=2ae245e5c8120bb706e0e72a7ddcabb8,95.0,3.0,0.0,7.0,23.0,3.0,1.0,225.0,12.0,17.0,5.0,11.0,1.0,0.0,54.0,32.0
891,http://twitter.com/share?url=http://www.greeteasy.com/happy-ganesh-chaturthi-1/,72.0,3.0,0.0,61.0,11.0,2.0,1.0,225.0,10.0,7.0,24.0,0.0,0.0,0.0,0.0,0.0
895,http://9779.info/%E5%B0%8F%E7%8F%AD%E5%85%83%E6%97%A6%E7%BB%98%E7%94%BB%E4%BD%9C%E5%93%81/,83.0,1.0,0.0,74.0,9.0,2.0,1.0,225.0,21.0,4.0,72.0,0.0,0.0,0.0,0.0,0.0
897,http://pinterest.com/pin/create/button/?url=http://www.greeteasy.com/sending-warm-greetings-on-independence-day/&media=http://media.zumvu.com/2014/blog-photos/20140121-4-1390316369-161-1390316327.png,192.0,6.0,0.0,139.0,13.0,2.0,1.0,225.0,25.0,9.0,42.0,40.0,1.0,4.0,0.0,0.0
907,http://9779.info/%E6%A0%91%E5%8F%B6%E7%B2%98%E8%B4%B4%E7%94%BB%20%E5%9B%BE%E7%89%87/,77.0,1.0,0.0,68.0,9.0,2.0,1.0,225.0,21.0,4.0,66.0,0.0,0.0,0.0,0.0,0.0
914,http://9779.info/%E6%96%87%E6%98%8E%E5%9C%A8%E6%88%91%E5%AE%B6%E5%89%AA%E8%B4%B4%E7%94%BB/2.html,89.0,2.0,0.0,74.0,9.0,2.0,1.0,225.0,23.0,4.0,72.0,6.0,1.0,0.0,0.0,0.0
916,http://aquent.co.uk/AboutUs/Press/PressReleases/older/artisan_aquent.html,66.0,3.0,0.0,35.0,12.0,3.0,1.0,225.0,10.0,6.0,13.0,19.0,1.0,1.0,0.0,0.0
921,http://9779.info/%E5%9C%A3%E8%AF%9E%E6%A0%91%E5%84%BF%E7%AB%A5%E7%94%BB%E4%BD%9C%E5%93%81/,83.0,1.0,0.0,74.0,9.0,2.0,1.0,225.0,23.0,4.0,72.0,0.0,0.0,0.0,0.0,0.0
922,http://9779.info/%E5%84%BF%E7%AB%A5%E5%9B%BE%E5%BD%A2%E7%B2%98%E8%B4%B4%E7%94%BB/,74.0,1.0,0.0,65.0,9.0,2.0,1.0,225.0,19.0,4.0,63.0,0.0,0.0,0.0,0.0,0.0
935,http://advancedphotoshop.co.uk/forum/posting.php?mode=quote&p=637&sid=2ae245e5c8120bb706e0e72a7ddcabb8,95.0,3.0,0.0,7.0,23.0,3.0,1.0,225.0,12.0,17.0,5.0,11.0,1.0,0.0,54.0,32.0
937,http://9779.info/%E5%B0%8F%E7%8F%AD%E5%B9%BC%E5%84%BF%E7%BE%8E%E6%9C%AF%E6%92%95%E8%B4%B4%E7%94%BB/,92.0,1.0,0.0,83.0,9.0,2.0,1.0,225.0,23.0,4.0,81.0,0.0,0.0,0.0,0.0,0.0
947,http://9779.info/%E4%BA%BA%E7%89%A9%E6%A0%91%E5%8F%B6%E8%B4%B4%E7%94%BB%E4%BD%9C%E5%93%81/,83.0,1.0,0.0,74.0,9.0,2.0,1.0,225.0,22.0,4.0,72.0,0.0,0.0,0.0,0.0,0.0
949,http://9779.info/%E5%B0%8F%E5%AD%A6%E7%94%9F%E5%95%86%E6%A0%87%E5%89%AA%E8%B4%B4%E7%94%BB/,83.0,1.0,0.0,74.0,9.0,2.0,1.0,225.0,21.0,4.0,72.0,0.0,0.0,0.0,0.0,0.0
951,http://9779.info/%E6%A0%91%E5%8F%B6%E8%B4%B4%E7%94%BB%E4%BD%9C%E5%93%81%E9%B8%9F/,74.0,1.0,0.0,65.0,9.0,2.0,1.0,225.0,22.0,4.0,63.0,0.0,0.0,0.0,0.0,0.0
957,http://9779.info/%E6%8A%A5%E7%BA%B8%E5%89%AA%E8%B4%B4%E7%94%BB%E5%9B%BE%E7%89%87/,74.0,1.0,0.0,65.0,9.0,2.0,1.0,225.0,19.0,4.0,63.0,0.0,0.0,0.0,0.0,0.0
962,http://9779.info/%E5%9B%BE%E5%BD%A2%E8%B4%B4%E7%94%BB%20%E5%9B%BE%E7%89%87/,68.0,1.0,0.0,59.0,9.0,2.0,1.0,225.0,16.0,4.0,57.0,0.0,0.0,0.0,0.0,0.0
965,http://9779.info/%E5%B9%BC%E5%84%BF%E5%9B%AD%E8%B4%9D%E5%A3%B3%E8%B4%B4%E7%94%BB%E5%9B%BE%E7%89%87/,92.0,1.0,0.0,83.0,9.0,2.0,1.0,225.0,21.0,4.0,81.0,0.0,0.0,0.0,0.0,0.0
977,http://9779.info/%E5%8D%AB%E7%94%9F%E7%BA%B8%E7%B2%98%E8%B4%B4%E7%94%BB%E5%9B%BE%E6%A1%88/,83.0,1.0,0.0,74.0,9.0,2.0,1.0,225.0,21.0,4.0,72.0,0.0,0.0,0.0,0.0,0.0
983,http://advancedphotoshop.co.uk/forum/posting.php?mode=quote&p=301&sid=2ae245e5c8120bb706e0e72a7ddcabb8,95.0,3.0,0.0,7.0,23.0,3.0,1.0,225.0,12.0,17.0,5.0,11.0,1.0,0.0,54.0,32.0
984,http://9779.info/%E6%A0%91%E5%8F%B6%E7%B2%98%E8%B4%B4%E7%94%BB%E9%B8%9F/,65.0,1.0,0.0,56.0,9.0,2.0,1.0,225.0,19.0,4.0,54.0,0.0,0.0,0.0,0.0,0.0
991,http://9779.info/%E5%B9%BC%E5%84%BF%E5%9B%AD%E6%A3%89%20%E7%B2%98%E8%B4%B4%E7%94%BB/,77.0,1.0,0.0,68.0,9.0,2.0,1.0,225.0,21.0,4.0,66.0,0.0,0.0,0.0,0.0,0.0
996,https://twitter.com/share?url=http://www.greeteasy.com/missing-you-on-raksha-bandhan/,77.0,3.0,0.0,66.0,11.0,2.0,1.0,225.0,13.0,7.0,29.0,0.0,0.0,0.0,0.0,0.0
998,http://9779.info/%E4%B8%AD%E5%B0%8F%E5%AD%A6%E5%8D%A1%E7%BA%B8%E7%B2%98%E8%B4%B4%E7%94%BB/,83.0,1.0,0.0,74.0,9.0,2.0,1.0,225.0,20.0,4.0,72.0,0.0,0.0,0.0,0.0,0.0
1001,http://ajax.googleapis.com/ajax/libs/jquery/1.11.1/jquery.min.js,57.0,6.0,0.0,25.0,19.0,3.0,1.0,225.0,9.0,10.0,6.0,13.0,2.0,0.0,0.0,0.0
1003,http://9779.info/%E8%B1%86%E5%AD%90%E7%B2%98%E8%B4%B4%E7%94%BB/2.html,62.0,2.0,0.0,47.0,9.0,2.0,1.0,225.0,16.0,4.0,45.0,6.0,1.0,0.0,0.0,0.0
1008,http://9779.info/%E5%88%9B%E6%84%8F%E6%A0%91%E5%8F%B6%E5%AE%B6%E8%B4%B4%E7%94%BB%E4%BD%9C%E5%93%81/,92.0,1.0,0.0,83.0,9.0,2.0,1.0,225.0,23.0,4.0,81.0,0.0,0.0,0.0,0.0,0.0
1015,http://9779.info/%E5%B9%BC%E5%84%BF%E5%9B%AD%E4%B8%8D%E7%BB%87%E5%B8%83%E7%B2%98%E8%B4%B4%E7%94%BB/,92.0,1.0,0.0,83.0,9.0,2.0,1.0,225.0,22.0,4.0,81.0,0.0,0.0,0.0,0.0,0.0
1016,http://9779.info/%E4%B8%80%E5%B9%B4%E7%BA%A7%E5%AD%A6%E7%94%9F%E7%B2%98%E8%B4%B4%E7%94%BB/,83.0,1.0,0.0,74.0,9.0,2.0,1.0,225.0,20.0,4.0,72.0,0.0,0.0,0.0,0.0,0.0
1017,http://fonts.googleapis.com/css?family=Open+Sans%3A300italic%2C400italic%2C600italic%2C300%2C400%2C600&subset=latin%2Clatin-ext&ver=4.2.2,130.0,4.0,0.0,1.0,20.0,3.0,1.0,225.0,19.0,10.0,0.0,3.0,0.0,0.0,106.0,63.0
1020,http://9779.info/%E4%BB%A3%E8%A1%A8%E5%9B%9B%E5%AD%A3%E7%9A%84%E7%94%BB/,65.0,1.0,0.0,56.0,9.0,2.0,1.0,225.0,16.0,4.0,54.0,0.0,0.0,0.0,0.0,0.0
1022,http://pinterest.com/pin/create/button/?url=http://www.greeteasy.com/happy-ganesh-chaturthi-1/&media=http://media.zumvu.com/2014/blog-photos/20140121-4-1390316369-161-1390316327.png,174.0,6.0,0.0,121.0,13.0,2.0,1.0,225.0,22.0,9.0,24.0,40.0,1.0,4.0,0.0,0.0
1038,http://9779.info/%E8%BD%BB%E7%B2%98%E5%9C%9F%E8%B4%B4%E7%94%BB%E5%9B%BE%E7%89%87%E6%AC%A3%E8%B5%8F/,92.0,1.0,0.0,83.0,9.0,2.0,1.0,225.0,23.0,4.0,81.0,0.0,0.0,0.0,0.0,0.0
1056,http://9779.info/%E4%BA%94%E8%B0%B7%E6%9D%82%E7%B2%AE%E8%B1%86%E8%B4%B4%E7%94%BB/,74.0,1.0,0.0,65.0,9.0,2.0,1.0,225.0,19.0,4.0,63.0,0.0,0.0,0.0,0.0,0.0
1060,http://9779.info/%E7%BA%B8%E7%BA%BF%E6%8B%BC%E8%B4%B4%E7%94%BB/,56.0,1.0,0.0,47.0,9.0,2.0,1.0,225.0,14.0,4.0,45.0,0.0,0.0,0.0,0.0,0.0
1064,http://9779.info/%E7%94%A8%E8%89%B2%E5%BD%A9%E6%A3%92%E6%8B%BC%E8%B4%B4%E7%94%BB/,74.0,1.0,0.0,65.0,9.0,2.0,1.0,225.0,19.0,4.0,63.0,0.0,0.0,0.0,0.0,0.0
1065,http://9779.info/%E6%95%99%E5%B8%88%E7%B2%98%E8%B4%B4%E7%94%BB%E5%9B%BE%E7%89%87/,74.0,1.0,0.0,65.0,9.0,2.0,1.0,225.0,20.0,4.0,63.0,0.0,0.0,0.0,0.0,0.0
1066,http://9779.info/%E5%B9%BC%E5%84%BF%E8%B4%B4%E7%94%BB%E5%9B%BE%E7%89%87%E5%B0%8F%E7%8F%AD/,83.0,1.0,0.0,74.0,9.0,2.0,1.0,225.0,20.0,4.0,72.0,0.0,0.0,0.0,0.0,0.0
1069,https://home.comcast.net/~martzdean/453650344541fa3640b8dfba9cf6ea9.html,64.0,3.0,0.0,12.0,16.0,3.0,1.0,225.0,7.0,7.0,10.0,36.0,1.0,0.0,0.0,0.0
1071,http://fonts.googleapis.com/css?family=Noto+Sans%3A400italic%2C700italic%2C400%2C700%7CNoto+Serif%3A400italic%2C700italic%2C400%2C700%7CInconsolata%3A400%2C700&subset=latin%2Clatin-ext,177.0,2.0,0.0,1.0,20.0,3.0,1.0,225.0,20.0,10.0,0.0,3.0,0.0,0.0,153.0,120.0
1074,http://ajax.googleapis.com/ajax/libs/jquery/1.11.0/jquery.min.js?ver=3.6.1,67.0,8.0,0.0,25.0,19.0,3.0,1.0,225.0,10.0,10.0,6.0,13.0,2.0,0.0,10.0,5.0
1102,http://9779.info/%E5%8D%AB%E7%94%9F%E7%BA%B8%E7%B2%98%E8%B4%B4%E7%94%BB%E5%9B%BE/,74.0,1.0,0.0,65.0,9.0,2.0,1.0,225.0,18.0,4.0,63.0,0.0,0.0,0.0,0.0,0.0
1108,http://9779.info/%E5%9B%BD%E7%94%BB%E4%BD%9C%E5%93%81%E5%B1%95%E8%8D%B7%E8%8A%B1/,74.0,1.0,0.0,65.0,9.0,2.0,1.0,225.0,19.0,4.0,63.0,0.0,0.0,0.0,0.0,0.0
1116,http://9779.info/%E5%BA%9F%E6%97%A7%E6%8A%A5%E7%BA%B8%E7%AB%8B%E4%BD%93%E6%8B%BC%E8%B4%B4%E7%94%BB/,92.0,1.0,0.0,83.0,9.0,2.0,1.0,225.0,23.0,4.0,81.0,0.0,0.0,0.0,0.0,0.0
1118,http://home.comcast.net/~dm8king/redirecting.htm,41.0,3.0,0.0,10.0,16.0,3.0,1.0,225.0,7.0,7.0,8.0,15.0,1.0,0.0,0.0,0.0
1138,http://advancedphotoshop.co.uk/forum/posting.php?mode=quote&p=2606&sid=2ae245e5c8120bb706e0e72a7ddcabb8,96.0,3.0,0.0,7.0,23.0,3.0,1.0,225.0,12.0,17.0,5.0,11.0,1.0,0.0,55.0,32.0
1147,http://9779.info/%E5%B8%83%E8%B4%B4%E7%94%BB%E5%9B%BE%E7%89%87%E5%A4%A7%E5%85%A8%E7%AE%80%E5%8D%95/,92.0,1.0,0.0,83.0,9.0,2.0,1.0,225.0,23.0,4.0,81.0,0.0,0.0,0.0,0.0,0.0
1151,http://9779.info/%E4%BC%98%E7%A7%80%E5%A4%A7%E5%B8%88%E6%8B%BC%E8%B4%B4%E7%94%BB%E4%BD%9C%E5%93%81/,92.0,1.0,0.0,83.0,9.0,2.0,1.0,225.0,23.0,4.0,81.0,0.0,0.0,0.0,0.0,0.0
1160,http://9779.info/%E7%B2%AE%E9%A3%9F%E7%B2%98%E8%B4%B4%E7%94%BB%E5%9B%BE%E7%89%87%E6%AC%A3%E8%B5%8F/,92.0,1.0,0.0,83.0,9.0,2.0,1.0,225.0,23.0,4.0,81.0,0.0,0.0,0.0,0.0,0.0
1166,https://home.comcast.net/~macullar/453650344541fa3640b8dfba9cf6ea9.html,63.0,3.0,0.0,11.0,16.0,3.0,1.0,225.0,7.0,7.0,9.0,36.0,1.0,0.0,0.0,0.0
1167,http://9779.info/%E8%89%BA%E6%9C%AF%E8%B1%86%E8%B4%B4%E7%94%BB%E5%9B%BE%E7%89%87/,74.0,1.0,0.0,65.0,9.0,2.0,1.0,225.0,19.0,4.0,63.0,0.0,0.0,0.0,0.0,0.0
1174,http://advancedphotoshop.co.uk/forum/privmsg.php?mode=post&u=71&sid=ed31f9707333a48e2d2a0c6e87e7287a,93.0,3.0,0.0,7.0,23.0,3.0,1.0,225.0,12.0,17.0,5.0,11.0,1.0,0.0,52.0,32.0
1178,http://9779.info/%E6%84%9F%E6%81%A9%E5%A4%A7%E8%87%AA%E7%84%B6%E7%BB%98%E7%94%BB%E4%BD%9C%E5%93%81/,92.0,1.0,0.0,83.0,9.0,2.0,1.0,225.0,23.0,4.0,81.0,0.0,0.0,0.0,0.0,0.0
1190,http://home.comcast.net/~danball66/encrypconfirmt4566789ijhvbnliosdvvbnukolk.html,74.0,3.0,0.0,12.0,16.0,3.0,1.0,225.0,7.0,7.0,10.0,46.0,1.0,0.0,0.0,0.0
1205,http://9779.info/%E5%85%B3%E4%BA%8E%E6%85%88%E7%88%B1%E7%B2%98%E8%B4%B4%E7%94%BB/,74.0,1.0,0.0,65.0,9.0,2.0,1.0,225.0,19.0,4.0,63.0,0.0,0.0,0.0,0.0,0.0
1220,http://9779.info/%E8%B1%86%E5%AD%90%E7%B2%98%E8%B4%B4%E7%94%BB%E5%8C%85%E5%8C%85/,74.0,1.0,0.0,65.0,9.0,2.0,1.0,225.0,17.0,4.0,63.0,0.0,0.0,0.0,0.0,0.0
1225,http://9779.info/%E6%A0%91%E5%8F%B6%E8%B4%B4%E7%94%BB%E4%BD%9C%E5%93%81%E7%89%9B/,74.0,1.0,0.0,65.0,9.0,2.0,1.0,225.0,21.0,4.0,63.0,0.0,0.0,0.0,0.0,0.0
1226,http://9779.info/%E5%B9%BC%E5%84%BF%E5%9B%AD%E5%AE%A4%E5%86%85%E5%89%AA%E7%BA%B8%E8%B4%B4%E7%94%BB/,92.0,1.0,0.0,83.0,9.0,2.0,1.0,225.0,23.0,4.0,81.0,0.0,0.0,0.0,0.0,0.0
1239,http://9779.info/%E5%B9%BC%E5%84%BF%E8%B4%B4%E7%94%BB%E5%89%AA%E7%BA%B8/,65.0,1.0,0.0,56.0,9.0,2.0,1.0,225.0,17.0,4.0,54.0,0.0,0.0,0.0,0.0,0.0
1242,http://9779.info/%E5%B0%8F%E7%8F%AD%E5%B9%BC%E5%84%BF%E5%89%AA%E7%BA%B8%E8%B4%B4%E7%94%BB/2.html,89.0,2.0,0.0,74.0,9.0,2.0,1.0,225.0,21.0,4.0,72.0,6.0,1.0,0.0,0.0,0.0
1244,http://9779.info/ppt%E5%89%AA%E8%B4%B4%E7%94%BB%20%E5%AF%B9%E8%AF%9D%E6%A1%86/,71.0,1.0,0.0,62.0,9.0,2.0,1.0,225.0,19.0,4.0,60.0,0.0,0.0,0.0,0.0,0.0
1253,http://9779.info/%E7%AB%A5%E5%BF%83%E7%AB%A5%E8%B6%A3%E7%BB%98%E7%AB%A5%E7%94%BB%E5%9B%BE%E7%89%87/,92.0,1.0,0.0,83.0,9.0,2.0,1.0,225.0,19.0,4.0,81.0,0.0,0.0,0.0,0.0,0.0
1254,http://9779.info/%E7%9A%B1%E7%BA%B9%E7%BB%B3%E7%B2%98%E8%B4%B4%E7%94%BB/,65.0,1.0,0.0,56.0,9.0,2.0,1.0,225.0,15.0,4.0,54.0,0.0,0.0,0.0,0.0,0.0
1269,http://twitter.com/share?url=http://www.greeteasy.com/as-i-celebrate-the-indian-independence-day/,90.0,3.0,0.0,79.0,11.0,2.0,1.0,225.0,13.0,7.0,42.0,0.0,0.0,0.0,0.0,0.0
1279,http://home.comcast.net/~DRTilzer/encrypconfirmt4566789ijhvbnliosdvvbnukolk.html,73.0,3.0,0.0,11.0,16.0,3.0,1.0,225.0,7.0,7.0,9.0,46.0,1.0,0.0,0.0,0.0
1281,http://home.comcast.net/~Boots9360/redirect2uk.html,44.0,3.0,0.0,12.0,16.0,3.0,1.0,225.0,7.0,7.0,10.0,16.0,1.0,0.0,0.0,0.0
1283,http://9779.info/%E9%A3%9F%E5%93%81%E5%AE%89%E5%85%A8%E5%84%BF%E7%AB%A5%E7%94%BB%E4%BD%9C%E5%93%81/,92.0,1.0,0.0,83.0,9.0,2.0,1.0,225.0,23.0,4.0,81.0,0.0,0.0,0.0,0.0,0.0
1293,http://advancedphotoshop.co.uk/forum/posting.php?mode=quote&p=1236&sid=2ae245e5c8120bb706e0e72a7ddcabb8,96.0,3.0,0.0,7.0,23.0,3.0,1.0,225.0,12.0,17.0,5.0,11.0,1.0,0.0,55.0,32.0
1296,http://9779.info/%E5%84%BF%E7%AB%A5%E6%AF%9B%E7%BA%BF%E8%B4%B4%E7%94%BB%E4%BD%9C%E5%93%81/,83.0,1.0,0.0,74.0,9.0,2.0,1.0,225.0,22.0,4.0,72.0,0.0,0.0,0.0,0.0,0.0
1301,http://9779.info/%E8%B1%86%E5%AD%90%E6%89%8B%E5%B7%A5%E7%B2%98%E8%B4%B4%E7%94%BB/,74.0,1.0,0.0,65.0,9.0,2.0,1.0,225.0,20.0,4.0,63.0,0.0,0.0,0.0,0.0,0.0
1305,http://9779.info/%E5%AD%A6%E6%A0%A1%20%E7%B2%98%E8%B4%B4%E7%94%BB/,59.0,1.0,0.0,50.0,9.0,2.0,1.0,225.0,17.0,4.0,48.0,0.0,0.0,0.0,0.0,0.0
1310,http://9779.info/%E5%86%AC%E5%A4%A9%E7%9A%84%E5%9B%BD%E7%94%BB/,56.0,1.0,0.0,47.0,9.0,2.0,1.0,225.0,15.0,4.0,45.0,0.0,0.0,0.0,0.0,0.0
1339,http://bit.ly/X0QmNx?2007.Subaru.Impreza.WRX/130520232733pt=US_Cars_&_Tracks=item1e639cb31d#ht_46108wt_1140,100.0,4.0,0.0,32.0,6.0,2.0,1.0,225.0,13.0,3.0,30.0,62.0,0.0,8.0,0.0,0.0
1344,http://9779.info/%E5%BD%A9%E7%BA%B8%E6%92%95%E8%B4%B4%E7%94%BB%20%E8%A7%86%E9%A2%91/,77.0,1.0,0.0,68.0,9.0,2.0,1.0,225.0,22.0,4.0,66.0,0.0,0.0,0.0,0.0,0.0
1347,http://home.comcast.net/~david.bunkley/encrypt5885d80a13c0db1f8e263663d3fa.html?vid=Z2xJIscpuj%%202Bo=&action=validate23442,116.0,4.0,0.0,16.0,16.0,3.0,1.0,225.0,13.0,7.0,14.0,40.0,1.0,0.0,44.0,17.0
1353,http://9779.info/%E8%B1%86%E5%AD%90%E7%B2%98%E8%B4%B4%E7%94%BB%E7%BE%8E%E4%BA%BA%E9%B1%BC/,83.0,1.0,0.0,74.0,9.0,2.0,1.0,225.0,21.0,4.0,72.0,0.0,0.0,0.0,0.0,0.0
1363,http://9779.info/%E6%9E%9C%E5%A3%B3%E8%B4%B4%E7%94%BB%E5%9B%BE%E7%89%87%E6%AC%A3%E8%B5%8F/,83.0,1.0,0.0,74.0,9.0,2.0,1.0,225.0,21.0,4.0,72.0,0.0,0.0,0.0,0.0,0.0
1368,http://advancedphotoshop.co.uk/forum/posting.php?mode=quote&p=973&sid=ed31f9707333a48e2d2a0c6e87e7287a,95.0,3.0,0.0,7.0,23.0,3.0,1.0,225.0,12.0,17.0,5.0,11.0,1.0,0.0,54.0,32.0
1379,http://twitter.com/share?url=http://www.greeteasy.com/i-am-lucky-to-have-a-teacher-like-you/,85.0,3.0,0.0,74.0,11.0,2.0,1.0,225.0,14.0,7.0,37.0,0.0,0.0,0.0,0.0,0.0
1388,http://9779.info/%E5%8D%A1%E9%80%9A%E7%9A%B1%E7%BA%B9%E7%BA%B8%E7%B2%98%E8%B4%B4%E7%94%BB/,83.0,1.0,0.0,74.0,9.0,2.0,1.0,225.0,20.0,4.0,72.0,0.0,0.0,0.0,0.0,0.0
1389,http://advancedphotoshop.co.uk/forum/posting.php?mode=quote&p=913&sid=2ae245e5c8120bb706e0e72a7ddcabb8,95.0,3.0,0.0,7.0,23.0,3.0,1.0,225.0,12.0,17.0,5.0,11.0,1.0,0.0,54.0,32.0
1400,http://9779.info/%E4%B8%80%E5%B9%B4%E7%BA%A7%E8%B4%B4%E7%94%BB%E5%9B%BE%E7%89%87%E6%AC%A3%E8%B5%8F/,92.0,1.0,0.0,83.0,9.0,2.0,1.0,225.0,24.0,4.0,81.0,0.0,0.0,0.0,0.0,0.0
1404,http://9779.info/%E5%84%BF%E7%AB%A5%E6%89%8B%E5%B7%A5%E7%BA%B8%E5%89%AA%E8%B4%B4%E7%94%BB/,83.0,1.0,0.0,74.0,9.0,2.0,1.0,225.0,20.0,4.0,72.0,0.0,0.0,0.0,0.0,0.0
1412,http://9779.info/%E7%BB%BC%E5%90%88%E6%9D%90%E6%96%99%E5%88%9B%E6%84%8F%E6%8B%BC%E8%B4%B4%E7%94%BB/,92.0,1.0,0.0,83.0,9.0,2.0,1.0,225.0,20.0,4.0,81.0,0.0,0.0,0.0,0.0,0.0
1414,https://twitter.com/share?url=http://www.greeteasy.com/india-shines-with-her-glory/,75.0,3.0,0.0,64.0,11.0,2.0,1.0,225.0,13.0,7.0,27.0,0.0,0.0,0.0,0.0,0.0
1417,http://9779.info/%E6%B3%95%E5%88%B6%20%E6%A0%A1%E5%9B%AD%E7%BB%98%E7%94%BB%E4%BD%9C%E5%93%81/,86.0,1.0,0.0,77.0,9.0,2.0,1.0,225.0,23.0,4.0,75.0,0.0,0.0,0.0,0.0,0.0
1429,http://9779.info/%E5%B0%8F%E7%8F%AD%E5%89%AA%E7%BA%B8%E7%B2%98%E8%B4%B4%E7%94%BB/,74.0,1.0,0.0,65.0,9.0,2.0,1.0,225.0,18.0,4.0,63.0,0.0,0.0,0.0,0.0,0.0
1438,http://9779.info/%E5%BA%86%E5%85%83%E6%97%A6%E4%B9%A6%E7%94%BB%E4%BD%9C%E5%93%81/,74.0,1.0,0.0,65.0,9.0,2.0,1.0,225.0,20.0,4.0,63.0,0.0,0.0,0.0,0.0,0.0
1442,http://advancedphotoshop.co.uk/forum/posting.php?mode=quote&p=1286&sid=ed31f9707333a48e2d2a0c6e87e7287a,96.0,3.0,0.0,7.0,23.0,3.0,1.0,225.0,12.0,17.0,5.0,11.0,1.0,0.0,55.0,32.0
1444,http://9779.info/2014%E5%B9%B4%E5%84%BF%E7%AB%A5%E7%BB%98%E7%94%BB%E4%BD%9C%E5%93%81/,78.0,1.0,0.0,69.0,9.0,2.0,1.0,225.0,20.0,4.0,67.0,0.0,0.0,0.0,0.0,0.0
1447,http://9779.info/%E5%B9%BC%E5%84%BF%E5%A4%8F%E5%A4%A9%E5%89%AA%E8%B4%B4%E7%94%BB/,74.0,1.0,0.0,65.0,9.0,2.0,1.0,225.0,18.0,4.0,63.0,0.0,0.0,0.0,0.0,0.0
1454,http://pinterest.com/pin/create/button/?url=http://www.greeteasy.com/salute-the-tricolor/&media=http://media.zumvu.com/2014/blog-photos/20140121-4-1390316369-161-1390316327.png,169.0,6.0,0.0,116.0,13.0,2.0,1.0,225.0,22.0,9.0,19.0,40.0,1.0,4.0,0.0,0.0
1466,http://advancedphotoshop.co.uk/forum/viewtopic.php?t=110&start=30&sid=2ae245e5c8120bb706e0e72a7ddcabb8,95.0,3.0,0.0,7.0,23.0,3.0,1.0,225.0,12.0,17.0,5.0,13.0,1.0,0.0,52.0,32.0
1475,http://twitter.com/share?url=http://www.greeteasy.com/missing-you-on-raksha-bandhan/,77.0,3.0,0.0,66.0,11.0,2.0,1.0,225.0,12.0,7.0,29.0,0.0,0.0,0.0,0.0,0.0
1481,http://9779.info/%E5%85%AD%E4%B8%80%E5%B9%BC%E5%84%BF%E5%89%AA%E7%BA%B8%E8%B4%B4%E7%94%BB/,83.0,1.0,0.0,74.0,9.0,2.0,1.0,225.0,21.0,4.0,72.0,0.0,0.0,0.0,0.0,0.0
1508,http://home.comcast.net/~trcuster/raw/w3r3.htm,39.0,3.0,0.0,15.0,16.0,3.0,1.0,225.0,8.0,7.0,9.0,8.0,1.0,0.0,0.0,0.0
1513,http://advancedphotoshop.co.uk/forum/posting.php?mode=quote&p=2650&sid=ed31f9707333a48e2d2a0c6e87e7287a,96.0,3.0,0.0,7.0,23.0,3.0,1.0,225.0,12.0,17.0,5.0,11.0,1.0,0.0,55.0,32.0
1516,http://9779.info/%E9%B1%BC%E7%9A%84%E7%BB%98%E7%94%BB%E4%BD%9C%E5%93%81/,65.0,1.0,0.0,56.0,9.0,2.0,1.0,225.0,18.0,4.0,54.0,0.0,0.0,0.0,0.0,0.0
1542,http://aquent.co.uk/AboutUs/Press/News/2005/Media_Magazine_072905_2.html,65.0,3.0,0.0,25.0,12.0,3.0,1.0,225.0,10.0,6.0,7.0,28.0,1.0,3.0,0.0,0.0
1546,http://advancedphotoshop.co.uk/forum/posting.php?mode=quote&p=11&sid=ed31f9707333a48e2d2a0c6e87e7287a,94.0,3.0,0.0,7.0,23.0,3.0,1.0,225.0,12.0,17.0,5.0,11.0,1.0,0.0,53.0,32.0
1561,http://9779.info/%E5%92%8C%E7%BB%B3%20%E7%B2%98%E8%B4%B4%E7%94%BB/,59.0,1.0,0.0,50.0,9.0,2.0,1.0,225.0,15.0,4.0,48.0,0.0,0.0,0.0,0.0,0.0
1563,http://aquent.co.uk/AboutUs/Press/News/2005/CampaignBrief_0905.html,60.0,3.0,0.0,25.0,12.0,3.0,1.0,225.0,10.0,6.0,7.0,23.0,1.0,1.0,0.0,0.0
1573,http://advancedphotoshop.co.uk/forum/posting.php?mode=quote&p=919&sid=2ae245e5c8120bb706e0e72a7ddcabb8,95.0,3.0,0.0,7.0,23.0,3.0,1.0,225.0,12.0,17.0,5.0,11.0,1.0,0.0,54.0,32.0
1577,http://9779.info/%E5%90%84%E7%A7%8D%E7%B2%98%E8%B4%B4%E7%94%BB%E5%9B%BE%E7%89%87%E6%AC%A3%E8%B5%8F/,92.0,1.0,0.0,83.0,9.0,2.0,1.0,225.0,24.0,4.0,81.0,0.0,0.0,0.0,0.0,0.0
1587,http://9779.info/%E8%B1%86%E7%B1%BB%E7%B2%98%E8%B4%B4%E7%94%BB/,56.0,1.0,0.0,47.0,9.0,2.0,1.0,225.0,12.0,4.0,45.0,0.0,0.0,0.0,0.0,0.0
1588,https://home.comcast.net/~john_torrey/,30.0,2.0,0.0,14.0,16.0,3.0,1.0,225.0,5.0,7.0,12.0,0.0,0.0,0.0,0.0,0.0
1601,http://9779.info/%E8%B1%86%E5%AD%90%E5%84%BF%E7%AB%A5%E7%B2%98%E8%B4%B4%E7%94%BB/,74.0,1.0,0.0,65.0,9.0,2.0,1.0,225.0,19.0,4.0,63.0,0.0,0.0,0.0,0.0,0.0
1603,http://advancedphotoshop.co.uk/forum/posting.php?mode=quote&p=715&sid=2ae245e5c8120bb706e0e72a7ddcabb8,95.0,3.0,0.0,7.0,23.0,3.0,1.0,225.0,12.0,17.0,5.0,11.0,1.0,0.0,54.0,32.0
1635,http://twitter.com/share?url=http://www.greeteasy.com/sending-warm-greetings-on-independence-day/,90.0,3.0,0.0,79.0,11.0,2.0,1.0,225.0,13.0,7.0,42.0,0.0,0.0,0.0,0.0,0.0
1636,http://9779.info/%E5%84%BF%E7%AB%A5%E5%BD%A9%E8%89%B2%E7%BA%B8%E8%B4%B4%E7%94%BB/,74.0,1.0,0.0,65.0,9.0,2.0,1.0,225.0,19.0,4.0,63.0,0.0,0.0,0.0,0.0,0.0
1642,http://9779.info/%E7%BA%B8%E7%BB%B3%E7%B2%98%E8%B4%B4%E7%94%BB%E4%BA%BA%E7%89%A9/,74.0,1.0,0.0,65.0,9.0,2.0,1.0,225.0,16.0,4.0,63.0,0.0,0.0,0.0,0.0,0.0
1645,http://galeon.com/tuhabbo-3d/habbo3d.html,34.0,2.0,0.0,12.0,10.0,2.0,1.0,225.0,7.0,6.0,10.0,12.0,1.0,0.0,0.0,0.0
1647,http://pinterest.com/pin/create/button/?url=http://www.greeteasy.com/sending-warm-wishes-on-ganesh-chaturthi/&media=http://media.zumvu.com/2014/blog-photos/20140121-4-1390316369-161-1390316327.png,189.0,6.0,0.0,136.0,13.0,2.0,1.0,225.0,25.0,9.0,39.0,40.0,1.0,4.0,0.0,0.0
1650,http://9779.info/%E6%B1%BD%E8%BD%A6%E8%B1%86%E5%AD%90%E7%B2%98%E8%B4%B4%E7%94%BB/,74.0,1.0,0.0,65.0,9.0,2.0,1.0,225.0,18.0,4.0,63.0,0.0,0.0,0.0,0.0,0.0
1651,http://home.comcast.net/~rford86/?accounts.paypal.secure_login-jsp,59.0,4.0,0.0,10.0,16.0,3.0,1.0,225.0,9.0,7.0,8.0,0.0,0.0,0.0,33.0,0.0
1670,http://9779.info/%E5%BF%AB%E4%B9%90%E6%9A%91%E5%81%87%E7%9A%84%E5%89%AA%E8%B4%B4%E7%94%BB/2.html,89.0,2.0,0.0,74.0,9.0,2.0,1.0,225.0,23.0,4.0,72.0,6.0,1.0,0.0,0.0,0.0
1675,http://9779.info/%E5%85%AD%E4%B8%80%E5%84%BF%E7%AB%A5%E8%8A%82%E6%92%95%E7%BA%B8%E8%B4%B4%E7%94%BB/,92.0,1.0,0.0,83.0,9.0,2.0,1.0,225.0,24.0,4.0,81.0,0.0,0.0,0.0,0.0,0.0
1685,http://bit.ly/R1Y0kU?2000.Ford.F250.Lariat/130520232733pt=US_Cars_&_Tracks=item1e639cb31d#ht_46108wt_1140,98.0,4.0,0.0,30.0,6.0,2.0,1.0,225.0,13.0,3.0,28.0,62.0,0.0,8.0,0.0,0.0
1692,http://home.comcast.net/~Dianapuccio/auctiredirect.htm,47.0,3.0,0.0,14.0,16.0,3.0,1.0,225.0,7.0,7.0,12.0,17.0,1.0,0.0,0.0,0.0
1712,https://twitter.com/share?url=http://www.greeteasy.com/happy-ganesh-chaturthi-1/,72.0,3.0,0.0,61.0,11.0,2.0,1.0,225.0,11.0,7.0,24.0,0.0,0.0,0.0,0.0,0.0
1714,http://9779.info/%E6%A0%91%E5%8F%B6%E8%B4%B4%E7%94%BB%E4%BD%9C%E5%93%81%E5%B0%8F%E9%B8%9F/,83.0,1.0,0.0,74.0,9.0,2.0,1.0,225.0,23.0,4.0,72.0,0.0,0.0,0.0,0.0,0.0
1724,http://9779.info/%E8%B1%86%E5%AD%90%E6%89%8B%E5%B7%A5%E7%B2%98%E8%B4%B4%E7%94%BB%E5%9B%BE%E7%89%87/,92.0,1.0,0.0,83.0,9.0,2.0,1.0,225.0,23.0,4.0,81.0,0.0,0.0,0.0,0.0,0.0
1731,http://9779.info/%E7%BE%8E%E6%9C%AF%E5%8D%A1%E7%BA%B8%E5%89%AA%E8%B4%B4%E7%94%BB%E5%9B%BE%E7%89%87/,92.0,1.0,0.0,83.0,9.0,2.0,1.0,225.0,22.0,4.0,81.0,0.0,0.0,0.0,0.0,0.0
1741,http://9779.info/%E5%90%B4%E8%89%AF%E9%95%9B%E7%BB%98%E7%94%BB%E4%BD%9C%E5%93%81/,74.0,1.0,0.0,65.0,9.0,2.0,1.0,225.0,21.0,4.0,63.0,0.0,0.0,0.0,0.0,0.0
1745,http://9779.info/%E6%A0%91%E5%8F%B6%E7%B2%98%E8%B4%B4%E7%94%BB%E9%A3%8E%E6%99%AF%E7%94%BB/,83.0,1.0,0.0,74.0,9.0,2.0,1.0,225.0,21.0,4.0,72.0,0.0,0.0,0.0,0.0,0.0
1752,http://home.comcast.net/~Rjcrodeo/redirecting1.htm,43.0,3.0,0.0,11.0,16.0,3.0,1.0,225.0,7.0,7.0,9.0,16.0,1.0,0.0,0.0,0.0
1767,https://home.comcast.net/~billandmary9/,31.0,2.0,0.0,15.0,16.0,3.0,1.0,225.0,5.0,7.0,13.0,0.0,0.0,0.0,0.0,0.0
1768,http://home.comcast.net/~dzarnowski/redirecta.html,43.0,3.0,0.0,13.0,16.0,3.0,1.0,225.0,7.0,7.0,11.0,14.0,1.0,0.0,0.0,0.0
1770,http://twitter.com/share?url=http://www.greeteasy.com/warm-wishes-for-new-year/,72.0,3.0,0.0,61.0,11.0,2.0,1.0,225.0,12.0,7.0,24.0,0.0,0.0,0.0,0.0,0.0
1776,http://dailysnark.com//wp-content/uploads/2012/Trulia/index.htm,56.0,2.0,0.0,33.0,14.0,2.0,1.0,225.0,10.0,10.0,10.0,9.0,1.0,0.0,0.0,0.0
1778,http://twitter.com/share?url=http://www.greeteasy.com/india-shines-with-her-glory/,75.0,3.0,0.0,64.0,11.0,2.0,1.0,225.0,12.0,7.0,27.0,0.0,0.0,0.0,0.0,0.0
1780,http://9779.info/%E5%B9%BC%E5%84%BF%E4%BD%9C%E5%93%81%E6%A3%89%E8%8A%B1%E8%B4%B4%E7%94%BB/,83.0,1.0,0.0,74.0,9.0,2.0,1.0,225.0,23.0,4.0,72.0,0.0,0.0,0.0,0.0,0.0
1808,https://twitter.com/share?url=http://www.greeteasy.com/as-i-celebrate-the-indian-independence-day/,90.0,3.0,0.0,79.0,11.0,2.0,1.0,225.0,14.0,7.0,42.0,0.0,0.0,0.0,0.0,0.0
1812,http://home.comcast.net/~jensen2172/comcast.index.htm,46.0,4.0,0.0,13.0,16.0,3.0,1.0,225.0,7.0,7.0,11.0,17.0,2.0,0.0,0.0,0.0
1826,http://9779.info/%E6%89%8B%E5%B7%A5%E5%8D%A1%E7%BA%B8%E6%88%BF%E5%AD%90%E5%89%AA%E8%B4%B4%E7%94%BB/,92.0,1.0,0.0,83.0,9.0,2.0,1.0,225.0,23.0,4.0,81.0,0.0,0.0,0.0,0.0,0.0
1830,http://bit.ly/M77GIA?ferias=93840923804983,35.0,1.0,0.0,1.0,6.0,2.0,1.0,225.0,6.0,3.0,0.0,6.0,0.0,0.0,22.0,14.0
1833,http://9779.info/%E6%89%98%E7%8F%AD%E7%9A%B1%E7%BA%B9%E7%BA%B8%E7%B2%98%E8%B4%B4%E7%94%BB/,83.0,1.0,0.0,74.0,9.0,2.0,1.0,225.0,19.0,4.0,72.0,0.0,0.0,0.0,0.0,0.0
1855,http://9779.info/%E5%85%AD%E4%B8%80%E4%B8%AD%E7%8F%AD%E5%88%9B%E6%84%8F%E7%B2%98%E8%B4%B4%E7%94%BB/,92.0,1.0,0.0,83.0,9.0,2.0,1.0,225.0,21.0,4.0,81.0,0.0,0.0,0.0,0.0,0.0
1861,http://9779.info/%E6%9C%89%E5%85%B3%E7%AB%AF%E5%8D%88%E7%9A%84%E5%89%AA%E8%B4%B4%E7%94%BB/,83.0,1.0,0.0,74.0,9.0,2.0,1.0,225.0,21.0,4.0,72.0,0.0,0.0,0.0,0.0,0.0
1862,http://9779.info/%E6%89%8B%E5%B7%A5%E7%B2%98%E8%B4%B4%E7%94%BB%E3%80%82%E4%BA%94%E8%B0%B7/,83.0,1.0,0.0,74.0,9.0,2.0,1.0,225.0,22.0,4.0,72.0,0.0,0.0,0.0,0.0,0.0
1894,http://home.comcast.net/~co80132/encrypt5885d80a13c0db1f8e263663d3fa.html?vid=Z2xJIscpuj%%202Bo=&action=validate23442,110.0,3.0,0.0,10.0,16.0,3.0,1.0,225.0,12.0,7.0,8.0,40.0,1.0,0.0,44.0,17.0
1896,https://ajax.googleapis.com/ajax/libs/jquery/1.5.1/jquery.min.js,56.0,6.0,0.0,24.0,19.0,3.0,1.0,225.0,8.0,10.0,6.0,13.0,2.0,0.0,0.0,0.0
1929,http://twitter.com/share?url=http://www.greeteasy.com/happy-ganesh-chaturthi/,70.0,3.0,0.0,59.0,11.0,2.0,1.0,225.0,10.0,7.0,22.0,0.0,0.0,0.0,0.0,0.0
1948,https://home.comcast.net/~betty.harrison/,33.0,3.0,0.0,17.0,16.0,3.0,1.0,225.0,6.0,7.0,15.0,0.0,0.0,0.0,0.0,0.0
1971,http://ez.in.th/log/yahoomail.com/verify/Yahoo.html,44.0,4.0,0.0,26.0,8.0,3.0,1.0,225.0,10.0,2.0,13.0,10.0,1.0,0.0,0.0,0.0
1987,http://advancedphotoshop.co.uk/forum/posting.php?mode=quote&p=175&sid=ed31f9707333a48e2d2a0c6e87e7287a,95.0,3.0,0.0,7.0,23.0,3.0,1.0,225.0,12.0,17.0,5.0,11.0,1.0,0.0,54.0,32.0
1995,http://twitter.com/statuses/user_timeline/reelofficial.json?callback=twitterCounter&count=1,84.0,2.0,0.0,24.0,11.0,2.0,1.0,225.0,10.0,7.0,13.0,17.0,1.0,0.0,32.0,14.0
2001,http://advancedphotoshop.co.uk/forum/posting.php?mode=quote&p=2669&sid=2ae245e5c8120bb706e0e72a7ddcabb8,96.0,3.0,0.0,7.0,23.0,3.0,1.0,225.0,12.0,17.0,5.0,11.0,1.0,0.0,55.0,32.0
2005,http://pinterest.com/pin/create/button/?url=http://www.greeteasy.com/india-shines-with-her-glory/&media=http://media.zumvu.com/2014/blog-photos/20140121-4-1390316369-161-1390316327.png,177.0,6.0,0.0,124.0,13.0,2.0,1.0,225.0,24.0,9.0,27.0,40.0,1.0,4.0,0.0,0.0
2008,http://9779.info/%E7%A2%8E%E6%AF%9B%E7%BA%BF%E7%B2%98%E8%B4%B4%E7%94%BB/,65.0,1.0,0.0,56.0,9.0,2.0,1.0,225.0,17.0,4.0,54.0,0.0,0.0,0.0,0.0,0.0
2012,http://9779.info/%E8%B1%86%E5%AD%90%E7%B2%98%E8%B4%B4%E7%94%BB%20%E7%86%8A%E7%8C%AB/,77.0,1.0,0.0,68.0,9.0,2.0,1.0,225.0,19.0,4.0,66.0,0.0,0.0,0.0,0.0,0.0
2040,http://advancedphotoshop.co.uk/forum/posting.php?mode=quote&p=76&sid=ed31f9707333a48e2d2a0c6e87e7287a,94.0,3.0,0.0,7.0,23.0,3.0,1.0,225.0,12.0,17.0,5.0,11.0,1.0,0.0,53.0,32.0
2081,http://advancedphotoshop.co.uk/forum/posting.php?mode=reply&t=103&sid=ed31f9707333a48e2d2a0c6e87e7287a,95.0,3.0,0.0,7.0,23.0,3.0,1.0,225.0,12.0,17.0,5.0,11.0,1.0,0.0,54.0,32.0
2082,http://home.comcast.net/~donprial/redirectb.html,41.0,3.0,0.0,11.0,16.0,3.0,1.0,225.0,7.0,7.0,9.0,14.0,1.0,0.0,0.0,0.0
2097,https://twitter.com/share?url=http://www.greeteasy.com/i-am-lucky-to-have-a-teacher-like-you/,85.0,3.0,0.0,74.0,11.0,2.0,1.0,225.0,15.0,7.0,37.0,0.0,0.0,0.0,0.0,0.0
2101,http://pinterest.com/pin/create/button/?url=http://www.greeteasy.com/happy-ganesh-chaturthi/&media=http://media.zumvu.com/2014/blog-photos/20140121-4-1390316369-161-1390316327.png,172.0,6.0,0.0,119.0,13.0,2.0,1.0,225.0,22.0,9.0,22.0,40.0,1.0,4.0,0.0,0.0
2115,http://pinterest.com/pin/create/button/?url=http://www.greeteasy.com/missing-you-on-raksha-bandhan/&media=http://media.zumvu.com/2014/blog-photos/20140121-4-1390316369-161-1390316327.png,179.0,6.0,0.0,126.0,13.0,2.0,1.0,225.0,24.0,9.0,29.0,40.0,1.0,4.0,0.0,0.0
2140,http://9779.info/%E5%8A%A8%E7%89%A9%E5%8D%A1%E7%BA%B8%E5%89%AA%E8%B4%B4%E7%94%BB%E7%AB%8B%E4%BD%93/,92.0,1.0,0.0,83.0,9.0,2.0,1.0,225.0,23.0,4.0,81.0,0.0,0.0,0.0,0.0,0.0
2147,https://twitter.com/share?url=http://www.greeteasy.com/salute-the-tricolor/,67.0,3.0,0.0,56.0,11.0,2.0,1.0,225.0,11.0,7.0,19.0,0.0,0.0,0.0,0.0,0.0
2152,http://pinterest.com/pin/create/button/?url=http://www.greeteasy.com/warm-wishes-for-new-year/&media=http://media.zumvu.com/2014/blog-photos/20140121-4-1390316369-161-1390316327.png,174.0,6.0,0.0,121.0,13.0,2.0,1.0,225.0,24.0,9.0,24.0,40.0,1.0,4.0,0.0,0.0
2154,http://pinterest.com/pin/create/button/?url=http://www.greeteasy.com/as-i-celebrate-the-indian-independence-day/&media=http://media.zumvu.com/2014/blog-photos/20140121-4-1390316369-161-1390316327.png,192.0,6.0,0.0,139.0,13.0,2.0,1.0,225.0,25.0,9.0,42.0,40.0,1.0,4.0,0.0,0.0
2155,http://home.comcast.net/~dkelley500/redirecting2.htm,45.0,3.0,0.0,13.0,16.0,3.0,1.0,225.0,7.0,7.0,11.0,16.0,1.0,0.0,0.0,0.0
2172,http://home.comcast.net/~david.bunkley/encrypt5885d80a13c0db1f8e263663d3fa.html,72.0,4.0,0.0,16.0,16.0,3.0,1.0,225.0,8.0,7.0,14.0,40.0,1.0,0.0,0.0,0.0
2208,http://9779.info/%E5%85%AD%E4%B8%80%E8%B1%86%E5%AD%90%E7%B2%98%E8%B4%B4%E7%94%BB/,74.0,1.0,0.0,65.0,9.0,2.0,1.0,225.0,19.0,4.0,63.0,0.0,0.0,0.0,0.0,0.0
2209,http://9779.info/%E5%94%90%E5%8B%87%E5%8A%9B%20%E5%BD%A9%E7%94%BB%E4%BD%9C%E5%93%81/,77.0,1.0,0.0,68.0,9.0,2.0,1.0,225.0,19.0,4.0,66.0,0.0,0.0,0.0,0.0,0.0
2219,http://home.comcast.net/~johnyantz2567/allegrowss.html,47.0,3.0,0.0,16.0,16.0,3.0,1.0,225.0,7.0,7.0,14.0,15.0,1.0,0.0,0.0,0.0
2246,https://twitter.com/share?url=http://www.greeteasy.com/sending-warm-wishes-on-ganesh-chaturthi/,87.0,3.0,0.0,76.0,11.0,2.0,1.0,225.0,14.0,7.0,39.0,0.0,0.0,0.0,0.0,0.0
2291,http://aquent.co.uk/Contact/Locations/AsiaPacific/singapore.html,57.0,3.0,0.0,31.0,12.0,3.0,1.0,225.0,9.0,6.0,11.0,14.0,1.0,0.0,0.0,0.0
2311,http://tiny.cc/traffic/xs4all-web-update,33.0,1.0,0.0,9.0,7.0,2.0,1.0,225.0,7.0,4.0,7.0,17.0,0.0,2.0,0.0,0.0
