1,http://xvideo-jp.com/archives/category/%e5%a4%a9%e5%ae%ae%e3%81%be%e3%82%8a%e3%82%8b,77.0,1.0,1.0,19.0,13.0,2.0,1.0,111.0,16.0,9.0,8.0,45.0,0.0,0.0,0.0,0.0
2,http://ero-advertising.com/blog/eroadvertising-launches-secure-api-to-export-stats-data,80.0,1.0,1.0,6.0,19.0,2.0,1.0,160.0,13.0,15.0,4.0,55.0,0.0,7.0,0.0,0.0
3,http://xvideo-jp.com/xvideos-av%E3%82%A2%E3%83%83%E3%83%97%E3%82%B9%E3%83%88%E3%83%AA%E3%83%BC%E3%83%A0-%E6%9C%80%E6%96%B0%E3%81%AE%E7%84%A1%E6%96%99%E3%82%A8%E3%83%AD%E5%8B%95%E7%94%BB,178.0,1.0,1.0,1.0,13.0,2.0,1.0,111.0,34.0,9.0,0.0,164.0,0.0,2.0,0.0,0.0
5,http://ero-advertising.com/blog/eroadvertising-named-xbiz-la-corporate-sponsor-xbiz-awards-gold-sponsor,96.0,1.0,1.0,6.0,19.0,2.0,1.0,160.0,13.0,15.0,4.0,71.0,0.0,9.0,0.0,0.0
6,http://xvideo-jp.com/archives/category/%e9%88%b4%e6%9d%91%e3%81%82%e3%81%84%e3%82%8a/page/2,84.0,1.0,1.0,70.0,13.0,2.0,1.0,111.0,18.0,9.0,45.0,1.0,0.0,0.0,0.0,0.0
7,http://xvideo-jp.com/wp-content/plugins/contact-form-7/includes/js/jquery.form.min.js?ver=3.44.0-2013.09.15,100.0,8.0,1.0,47.0,13.0,2.0,1.0,111.0,18.0,9.0,14.0,18.0,3.0,0.0,22.0,17.0
9,http://xvideo-jp.com/%E3%81%8A%E3%81%99%E3%81%99%E3%82%81%E5%84%AA%E8%89%AF%E3%82%B5%E3%82%A4%E3%83%88%E3%80%8C%E6%97%A5%E6%9C%AC%E4%B8%80%E3%80%8D,140.0,1.0,1.0,1.0,13.0,2.0,1.0,111.0,29.0,9.0,0.0,126.0,0.0,0.0,0.0,0.0
12,http://xvideo-jp.com/archives/category/%e5%a4%a7%e7%9f%b3%e3%81%95%e3%82%84%e3%81%8b,77.0,1.0,1.0,19.0,13.0,2.0,1.0,111.0,18.0,9.0,8.0,45.0,0.0,0.0,0.0,0.0
16,http://xvideo-jp.com/archives/category/%e3%81%82%e3%82%84%e3%81%bf%e6%97%ac%e6%9e%9c,77.0,1.0,1.0,19.0,13.0,2.0,1.0,111.0,16.0,9.0,8.0,45.0,0.0,0.0,0.0,0.0
19,http://xvideo-jp.com/archives/category/%e3%81%af/%e9%95%b7%e8%b0%b7%e5%b7%9d%e3%81%97%e3%81%9a%e3%81%8f,96.0,1.0,1.0,29.0,13.0,2.0,1.0,111.0,19.0,9.0,9.0,54.0,0.0,0.0,0.0,0.0
27,http://watch-series-tv.to/serie/Betrayal_Knows_My_Name_Uragiri_wa_Boku_no_Namae_o_Shitteiru,84.0,1.0,2.0,7.0,18.0,2.0,0.0,41.0,7.0,15.0,5.0,59.0,0.0,10.0,0.0,0.0
31,http://xvideo-jp.com/archives/tag/%e3%83%9e%e3%83%83%e3%82%b5%e3%83%bc%e3%82%b8%e3%83%bb%e3%82%a8%e3%82%b9%e3%83%86,108.0,1.0,1.0,14.0,13.0,2.0,1.0,111.0,17.0,9.0,8.0,81.0,0.0,0.0,0.0,0.0
34,http://xvideo-jp.com/archives/category/%e4%b8%8a%e6%9d%91%e3%81%82%e3%81%9a%e3%81%95,77.0,1.0,1.0,19.0,13.0,2.0,1.0,111.0,17.0,9.0,8.0,45.0,0.0,0.0,0.0,0.0
35,http://popupads.ir/blog/?tag=%da%a9%d8%a7%d9%87%d8%b4-%d9%85%d9%88%d9%82%d8%aa%db%8c-%d9%be%d8%a7%d9%be-%d8%a2%d9%be-%d8%a7%d9%88%d9%84-%d8%a8%d9%87-15-%d8%b1%db%8c%d8%a7%d9%84,169.0,1.0,0.0,6.0,11.0,2.0,0.0,106.0,24.0,8.0,4.0,0.0,0.0,0.0,152.0,147.0
39,http://xvideo-jp.com/archives/category/%e6%9c%a8%e6%9d%91%e3%81%be%e3%82%8a%e3%81%88,77.0,1.0,1.0,19.0,13.0,2.0,1.0,111.0,17.0,9.0,8.0,45.0,0.0,0.0,0.0,0.0
42,http://xvideo-jp.com/archives/category/%e9%81%a0%e8%97%a4%e3%81%bf%e3%81%aa%e3%81%bf,77.0,1.0,1.0,19.0,13.0,2.0,1.0,111.0,15.0,9.0,8.0,45.0,0.0,0.0,0.0,0.0
44,http://xvideo-jp.com/archives/category/%e6%a1%83%e8%b0%b7%e3%82%a8%e3%83%aa%e3%82%ab,77.0,1.0,1.0,19.0,13.0,2.0,1.0,111.0,17.0,9.0,8.0,45.0,0.0,0.0,0.0,0.0
45,http://xvideo-jp.com/archives/category/%e5%a4%a7%e5%b3%b6%e3%81%82%e3%81%84%e3%82%8b,77.0,1.0,1.0,19.0,13.0,2.0,1.0,111.0,16.0,9.0,8.0,45.0,0.0,0.0,0.0,0.0
47,http://xvideo-jp.com/archives/tag/%e3%82%a2%e3%82%a4%e3%83%89%e3%83%ab%e3%83%bb%e8%8a%b8%e8%83%bd%e4%ba%ba,99.0,1.0,1.0,14.0,13.0,2.0,1.0,111.0,20.0,9.0,8.0,72.0,0.0,0.0,0.0,0.0
48,http://xvideo-jp.com/archives/tag/%e3%82%b7%e3%83%a7%e3%83%bc%e3%83%88%e3%82%ab%e3%83%83%e3%83%88,90.0,1.0,1.0,14.0,13.0,2.0,1.0,111.0,14.0,9.0,8.0,63.0,0.0,0.0,0.0,0.0
53,http://xvideo-jp.com/%E7%B4%A0%E4%BA%BAav%E3%82%A8%E3%83%AD%E5%8B%95%E7%94%BB%EF%BC%81-%E7%84%A1%E6%96%99%E3%82%A8%E3%83%AD%E5%8B%95%E7%94%BB%E3%81%BE%E3%81%A8%E3%82%81,161.0,1.0,1.0,1.0,13.0,2.0,1.0,111.0,29.0,9.0,0.0,147.0,0.0,1.0,0.0,0.0
57,http://xvideo-jp.com/archives/category/%E7%B4%A0%E4%BA%BA%E7%9B%97%E6%92%AE/%E6%9C%AC%E6%B0%97%EF%BC%88%E3%83%9E%E3%82%B8%EF%BC%89%E5%8F%A3%E8%AA%AC%E3%81%8D/page/2,157.0,1.0,1.0,143.0,13.0,2.0,1.0,111.0,36.0,9.0,81.0,1.0,0.0,0.0,0.0,0.0
58,http://xvideo-jp.com/archives/category/%e7%b4%a0%e4%ba%ba%e3%83%8f%e3%83%a1%e6%92%ae%e3%82%8a/%e3%82%a8%e3%82%b9%e3%82%ab%e3%83%ac%e3%83%bc%e3%83%88%e3%81%99%e3%82%8b%e3%83%89%e3%81%97%e3%82%8d%e3%83%bc%e3%81%a8%e5%a8%98,213.0,1.0,1.0,74.0,13.0,2.0,1.0,111.0,34.0,9.0,54.0,126.0,0.0,0.0,0.0,0.0
65,http://xvideo-jp.com/%E3%82%A8%E3%83%AD%E5%8B%95%E7%94%BB%E3%83%97%E3%83%AC%E3%82%A4%E3%83%A4%E3%83%BC%E6%94%BB%E7%95%A5%E6%B3%95%EF%BC%81%E3%80%9C%E9%82%AA%E9%AD%94%E3%81%AA%E3%83%9D%E3%83%83%E3%83%97%E3%82%A2%E3%83%83,212.0,1.0,1.0,1.0,13.0,2.0,1.0,111.0,30.0,9.0,0.0,198.0,0.0,0.0,0.0,0.0
66,http://xvideo-jp.com/%E7%84%A1%E6%96%99%E3%82%A8%E3%83%AD%E5%8B%95%E7%94%BB-xvideos%E3%83%80%E3%82%A6%E3%83%B3%E3%83%AD%E3%83%BC%E3%83%89-2,132.0,1.0,1.0,1.0,13.0,2.0,1.0,111.0,26.0,9.0,0.0,118.0,0.0,2.0,0.0,0.0
69,http://xvideo-jp.com/archives/category/%e9%ba%bb%e5%ae%ae%e3%81%8b%e3%82%8a%e3%82%93,77.0,1.0,1.0,19.0,13.0,2.0,1.0,111.0,17.0,9.0,8.0,45.0,0.0,0.0,0.0,0.0
73,http://xvideo-jp.com/fc2%E5%8B%95%E7%94%BB%E3%83%BBxvideos%E3%81%AE%E7%84%A1%E6%96%99%E3%82%A8%E3%83%AD%E5%8B%95%E7%94%BB%E3%82%92%E3%81%BE%E3%81%A8%E3%82%81%E3%81%BE%E3%81%97%E3%81%9F,177.0,1.0,1.0,1.0,13.0,2.0,1.0,111.0,28.0,9.0,0.0,163.0,0.0,0.0,0.0,0.0
74,http://xvideo-jp.com/archives/category/%e5%8c%97%e4%b9%83%e3%81%af%e3%82%8b%e3%81%8b,77.0,1.0,1.0,19.0,13.0,2.0,1.0,111.0,17.0,9.0,8.0,45.0,0.0,0.0,0.0,0.0
77,http://xvideo-jp.com/archives/category/%e3%81%bb%e3%81%97%e3%81%ae%e3%81%82%e3%81%99%e3%81%8b,86.0,1.0,1.0,19.0,13.0,2.0,1.0,111.0,14.0,9.0,8.0,54.0,0.0,0.0,0.0,0.0
79,http://xvideo-jp.com/archives/tag/%e3%82%b7%e3%83%a7%e3%83%bc%e3%83%88%e3%82%ab%e3%83%83%e3%83%88/page/2,97.0,1.0,1.0,83.0,13.0,2.0,1.0,111.0,15.0,9.0,63.0,1.0,0.0,0.0,0.0,0.0
80,http://so-net.ne.jp/access/hikari/collaboration/diversion.html?SmRcid=nss_s_ad_top_swaku_collabo_withf,95.0,3.0,1.0,29.0,12.0,3.0,1.0,111.0,12.0,6.0,13.0,14.0,1.0,0.0,40.0,32.0
81,http://tebyan.net/ScriptResource.axd?d=PsVUm5cEtF5YzMRiIRx5tX4q-RBDC-bHdnHDa5W1_0JRyXAETEx0cSBXTFKXEydpL7ukglAu91PmDpwJyVfB309j9Zpl-Exy6sjN8Re5ODrIMCoe6i4hYUOzyngVAcJbIIQs9iyszaQCdeiyR_sDXsxoxHClVrC2OYWRYRQOHlW1e7OLj6NMYPA0gfToDJ8J0&t=ffffffffb53e74b8,244.0,2.0,0.0,1.0,10.0,2.0,1.0,106.0,10.0,6.0,0.0,18.0,1.0,0.0,215.0,193.0
89,http://xvideo-jp.com/archives/category/%e6%a3%ae%e5%92%b2%e3%81%bf%e3%81%a1%e3%82%8b,77.0,1.0,1.0,19.0,13.0,2.0,1.0,111.0,18.0,9.0,8.0,45.0,0.0,0.0,0.0,0.0
93,http://xvideo-jp.com/archives/category/%e3%81%8a%e8%b2%b8%e3%81%97%e3%81%97%e3%81%be%e3%81%99%e3%80%82,95.0,1.0,1.0,19.0,13.0,2.0,1.0,111.0,17.0,9.0,8.0,63.0,0.0,0.0,0.0,0.0
95,http://watch-series-tv.to/serie/Ano_Hi_Mita_Hana_no_Namae_wo_Bokutachi_wa_Mada_Shiranai,80.0,1.0,2.0,7.0,18.0,2.0,0.0,41.0,7.0,15.0,5.0,55.0,0.0,10.0,0.0,0.0
99,http://xvideo-jp.com/archives/category/%e3%81%95%e3%81%8f%e3%82%89%e3%82%86%e3%82%89,77.0,1.0,1.0,19.0,13.0,2.0,1.0,111.0,13.0,9.0,8.0,45.0,0.0,0.0,0.0,0.0
100,https://lastpass.com/signup2.php?ac=1&from_uri=%2Fsignup2.php%3Fac%3D1%26from_uri%3D%252Fsignup2.php%253Fac%253D1%2526from_uri%253D%25252Fsignup2.php%25253Fac%25253D1%252526from_uri%25253D%2525252Fsignup2.php%2525253Fac%2525253D1%25252526from_uri%2525253D%252525252Fsignup2.php%252525253Fac%252525253D1%2525252526from_uri%252525253D%25252525252Fsignup2.php%25252525253Fac%25252525253D1%252525252526from_uri%25252525253D%2525252525252Fsignup2.php%2525252525253Fac%2525252525253D1%25252525252526from_uri%2525252525253D%252525252525252Fsignup2.php%252525252525253Fac%252525252525253D1%2525252525252526from_uri%252525252525253D%25252525252525252Fsignup2.php%25252525252525253Fac%25252525252525253D1%252525252525252526from_uri%25252525252525253D%2525252525252525252Fsignup2.php%2525252525252525253Fac%2525252525252525253D1%25252525252525252526from_uri%2525252525252525253D%252525252525252525252Fsignup2.php%252525252525252525253Fac%252525252525252525253D1%2525252525252525252526from_uri%252525252525252525253D%25252525252525252525252Fsignup2.php,1032.0,14.0,0.0,1.0,12.0,2.0,1.0,0.0,63.0,8.0,0.0,11.0,1.0,0.0,1008.0,993.0
105,http://popupads.ir/blog/?tag=%da%a9%d8%b3%d8%a8-%d8%af%d8%b1%d8%a2%d9%85%d8%af-%d8%a7%d8%b2-%d9%be%d8%a7%d9%be-%d8%a2%d9%be,116.0,1.0,0.0,6.0,11.0,2.0,0.0,106.0,18.0,8.0,4.0,0.0,0.0,0.0,99.0,94.0
106,http://caixa.gov.br/ScriptResource.axd?d=96l68jN5rmqKFN-9BHL1_-nn4NrD4Gyl17IMAhbVHLUT39r0Mnx3Ak6dWKtdSSiNVfVzh-E9caFsMmOGBGbqTOa5O3yl6OWRkfbQZjw6Nk0QiDIQEcNcsAnmnNbky7bzqOBym--iF8YiIJlAzSoNyTzC-rL9bEPTFC0epJ7udSUziud06ApNSjc0ZT6iDyok0&t=ffffffffb53e74b8,246.0,3.0,0.0,1.0,12.0,3.0,1.0,29.0,13.0,5.0,0.0,18.0,1.0,0.0,215.0,193.0
107,http://xvideo-jp.com/archives/category/%e5%90%89%e5%b7%9d%e3%81%82%e3%81%84%e3%81%bf,77.0,1.0,1.0,19.0,13.0,2.0,1.0,111.0,16.0,9.0,8.0,45.0,0.0,0.0,0.0,0.0
110,http://xvideo-jp.com/archives/category/%e4%b8%80%e6%b3%8a%e4%ba%8c%e6%97%a5/%e4%b8%80%e6%b3%8a%e4%ba%8c%e6%97%a5%e3%80%81%e7%be%8e%e5%b0%91%e5%a5%b3%e5%ae%8c%e5%85%a8%e4%ba%88%e7%b4%84%e5%88%b6%e3%80%82,195.0,1.0,1.0,56.0,13.0,2.0,1.0,111.0,32.0,9.0,36.0,126.0,0.0,0.0,0.0,0.0
112,http://xvideo-jp.com/archives/category/%e4%b9%99%e8%91%89%e3%81%aa%e3%81%aa%e3%81%9b,77.0,1.0,1.0,19.0,13.0,2.0,1.0,111.0,16.0,9.0,8.0,45.0,0.0,0.0,0.0,0.0
113,http://xvideo-jp.com/%E3%80%90%E6%B1%82%E4%BA%BA%E3%80%91%E3%82%B9%E3%82%BF%E3%83%83%E3%83%95%E5%8B%9F%E9%9B%86,104.0,1.0,1.0,1.0,13.0,2.0,1.0,111.0,23.0,9.0,0.0,90.0,0.0,0.0,0.0,0.0
116,http://xvideo-jp.com/archives/tag/%e3%82%b9%e3%83%9e%e3%83%9b%e5%86%8d%e7%94%9f%e5%8f%af%e8%83%bd/page/2,97.0,1.0,1.0,83.0,13.0,2.0,1.0,248.0,23.0,9.0,63.0,1.0,0.0,0.0,0.0,0.0
117,http://xvideo-jp.com/archives/category/%e9%9f%b3%e7%84%a1%e3%81%95%e3%82%84%e3%81%8b,77.0,1.0,1.0,19.0,13.0,2.0,1.0,111.0,17.0,9.0,8.0,45.0,0.0,0.0,0.0,0.0
118,http://xvideo-jp.com/archives/category/%e4%bb%b2%e8%a5%bf%e3%81%aa%e3%81%a4%e3%81%8d,77.0,1.0,1.0,19.0,13.0,2.0,1.0,111.0,17.0,9.0,8.0,45.0,0.0,0.0,0.0,0.0
119,http://xvideo-jp.com/archives/category/%e3%81%82%e3%82%84%e3%82%81%e7%be%8e%e6%a1%9c,77.0,1.0,1.0,19.0,13.0,2.0,1.0,111.0,16.0,9.0,8.0,45.0,0.0,0.0,0.0,0.0
121,http://xvideo-jp.com/archives/tag/%e5%af%9d%e5%8f%96%e3%82%8a%e3%83%bb%e5%af%9d%e5%8f%96%e3%82%89%e3%82%8c,99.0,1.0,1.0,14.0,13.0,2.0,1.0,111.0,18.0,9.0,8.0,72.0,0.0,0.0,0.0,0.0
124,http://xvideo-jp.com/archives/category/%E4%B8%98%E5%92%B2%E3%82%A8%E3%83%9F%E3%83%AA,77.0,1.0,1.0,19.0,13.0,2.0,1.0,111.0,18.0,9.0,8.0,45.0,0.0,0.0,0.0,0.0
125,http://megafilmeshd.net/scooby-doo-13-contos-assustadores-dia-de-surf/Histats.start,76.0,2.0,0.0,47.0,16.0,2.0,0.0,248.0,13.0,12.0,45.0,13.0,1.0,0.0,0.0,0.0
126,http://xvideo-jp.com/archives/category/%e9%ba%bb%e5%ae%ae%e3%81%be%e3%81%a9%e3%81%8b,77.0,1.0,1.0,19.0,13.0,2.0,1.0,111.0,16.0,9.0,8.0,45.0,0.0,0.0,0.0,0.0
129,http://megafilmeshd.net/the-internets-own-boy-the-story-of-aaron-swartz/Histats.start,78.0,2.0,0.0,49.0,16.0,2.0,0.0,248.0,13.0,12.0,47.0,13.0,1.0,0.0,0.0,0.0
130,http://couchtuner.eu.com/2014/07/hot-in-cleveland-s5-e13-people-feeding-people.html,76.0,3.0,0.0,9.0,17.0,3.0,0.0,56.0,14.0,10.0,4.0,50.0,1.0,7.0,0.0,0.0
133,http://xvideo-jp.com/archives/category/%e3%81%8a%e8%b2%b8%e3%81%97%e3%81%97%e3%81%be%e3%81%99%e3%80%82/%e2%97%8b%e2%97%8b-%e3%81%8a%e8%b2%b8%e3%81%97%e3%81%97%e3%81%be%e3%81%99%e3%80%82,178.0,1.0,1.0,83.0,13.0,2.0,1.0,111.0,19.0,9.0,63.0,82.0,0.0,1.0,0.0,0.0
134,http://xvideo-jp.com/archives/category/%E3%83%9E%E3%82%B8%E3%83%83%E3%82%AF%E3%83%9F%E3%83%A9%E3%83%BC%E5%8F%B7-mm%E5%8F%B7/page/2,123.0,1.0,1.0,109.0,13.0,2.0,1.0,111.0,20.0,9.0,84.0,1.0,0.0,0.0,0.0,0.0
143,http://xvideo-jp.com/archives/tag/%e3%83%95%e3%82%a7%e3%83%a9%e3%83%81%e3%82%aa/page/2,79.0,1.0,1.0,65.0,13.0,2.0,1.0,111.0,15.0,9.0,45.0,1.0,0.0,0.0,0.0,0.0
146,http://xvideo-jp.com/archives/category/%e8%92%bc%e4%ba%95%e3%82%8a%e3%82%93%e3%81%94,77.0,1.0,1.0,19.0,13.0,2.0,1.0,111.0,18.0,9.0,8.0,45.0,0.0,0.0,0.0,0.0
148,http://xvideo-jp.com/%E3%81%8A%E3%81%99%E3%81%99%E3%82%81%E5%84%AA%E8%89%AF%E3%82%B5%E3%82%A4%E3%83%88%E3%80%8C%E9%BB%92%E3%82%AE%E3%83%A3%E3%83%AB%EF%BD%98%E3%83%93%E3%83%87%E3%82%AA%E3%82%BA%E3%80%8D,194.0,1.0,1.0,1.0,13.0,2.0,1.0,248.0,34.0,9.0,0.0,180.0,0.0,0.0,0.0,0.0
149,http://xvideo-jp.com/archives/category/av%e5%a5%b3%e5%84%aa%e5%90%8d%e7%a7%b0%e4%b8%8d%e6%98%8e,88.0,1.0,1.0,19.0,13.0,2.0,1.0,111.0,22.0,9.0,8.0,56.0,0.0,0.0,0.0,0.0
153,http://ero-advertising.com/en/blog/details/article/eroadvertising-is-announcing-new-website.html,89.0,2.0,1.0,25.0,19.0,2.0,1.0,160.0,14.0,15.0,7.0,45.0,1.0,4.0,0.0,0.0
155,http://xvideo-jp.com/archives/category/%e6%98%8e%e6%97%a5%e8%8a%b1%e3%82%ad%e3%83%a9%e3%83%a9,86.0,1.0,1.0,19.0,13.0,2.0,1.0,111.0,19.0,9.0,8.0,54.0,0.0,0.0,0.0,0.0
158,http://xvideo-jp.com/archives/category/%e7%b4%a0%e4%ba%ba%e7%9b%97%e6%92%ae/%e6%9c%ac%e6%b0%97%ef%bc%88%e3%83%9e%e3%82%b8%ef%bc%89%e5%8f%a3%e8%aa%ac%e3%81%8d,150.0,1.0,1.0,56.0,13.0,2.0,1.0,111.0,35.0,9.0,36.0,81.0,0.0,0.0,0.0,0.0
159,http://xvideo-jp.com/archives/category/%e7%b6%be%e7%80%ac%e3%81%bf%e3%81%aa%e3%81%bf,77.0,1.0,1.0,19.0,13.0,2.0,1.0,111.0,15.0,9.0,8.0,45.0,0.0,0.0,0.0,0.0
164,http://xvideo-jp.com/archives/category/%e4%bc%8a%e8%97%a4%e3%81%8b%e3%82%8c%e3%82%93,77.0,1.0,1.0,19.0,13.0,2.0,1.0,111.0,18.0,9.0,8.0,45.0,0.0,0.0,0.0,0.0
165,http://popupads.ir/blog/?tag=%da%a9%d8%b3%d8%a8-%d8%af%d8%b1%d8%a2%d9%85%d8%af-%d8%a7%d8%b2-%d8%a7%db%8c%d9%86%d8%aa%d8%b1%d9%86%d8%aa,127.0,1.0,0.0,6.0,11.0,2.0,0.0,106.0,21.0,8.0,4.0,0.0,0.0,0.0,110.0,105.0
172,http://xvideo-jp.com/archives/category/%e9%98%bf%e9%83%a8%e4%b9%83%e3%81%bf%e3%81%8f,77.0,1.0,1.0,19.0,13.0,2.0,1.0,111.0,16.0,9.0,8.0,45.0,0.0,0.0,0.0,0.0
174,http://xvideo-jp.com/archives/category/%e5%b0%8f%e5%b3%b6%e3%81%bf%e3%81%aa%e3%81%bf,77.0,1.0,1.0,19.0,13.0,2.0,1.0,111.0,15.0,9.0,8.0,45.0,0.0,0.0,0.0,0.0
185,http://xvideo-jp.com/archives/category/%e7%b4%a0%e4%ba%ba%e3%83%8f%e3%83%a1%e6%92%ae%e3%82%8a/%e5%ae%8c%e5%85%a8%e3%82%ac%e3%83%81%e4%ba%a4%e6%b8%89%ef%bc%81%e5%99%82%e3%81%ae%e3%80%81%e7%b4%a0%e4%ba%ba%e6%bf%80%e3%82%ab%e3%83%af%e7%9c%8b%e6%9d%bf%e5%a8%98%e3%82%92%e7%8b%99%e3%81%88%ef%bc%81,285.0,1.0,1.0,74.0,13.0,2.0,1.0,111.0,41.0,9.0,54.0,198.0,0.0,0.0,0.0,0.0
191,http://allegro.pl/listing/user/listing.php?us_id=20995663&order=qd&price_from=20&price_to=20&string=Ko%C5%84c%C3%B3wki+do+szczoteczki+ORAL-B&search_scope=userItems-20995663&price_enabled=1&bmatch=s0-o-0113&sh_dwh_token=d0b6dd74a8394345128e20d296cb1c5e&sh_dwh_token=d0b6dd74a8394345128e20d296cb1c5e&sh_dwh_token=d0b6dd74a8394345128e20d296cb1c5e&sh_dwh_token=d0b6dd74a8394345128e20d296cb1c5e,382.0,2.0,0.0,14.0,10.0,2.0,1.0,174.0,30.0,7.0,7.0,11.0,1.0,0.0,347.0,40.0
194,http://xvideo-jp.com/archives/category/%e6%98%8e%e6%97%a5%e9%a6%99%e3%82%af%e3%83%ac%e3%82%a2,86.0,1.0,1.0,19.0,13.0,2.0,1.0,111.0,20.0,9.0,8.0,54.0,0.0,0.0,0.0,0.0
199,http://xvideo-jp.com/archives/category/%e3%81%82%e3%81%84%e3%81%a0%e3%81%95%e3%81%8f%e3%82%89,86.0,1.0,1.0,19.0,13.0,2.0,1.0,111.0,14.0,9.0,8.0,54.0,0.0,0.0,0.0,0.0
200,http://xvideo-jp.com/archives/category/%e6%9d%be%e6%b5%a6%e3%82%86%e3%81%8d%e3%81%aa,77.0,1.0,1.0,19.0,13.0,2.0,1.0,111.0,17.0,9.0,8.0,45.0,0.0,0.0,0.0,0.0
202,http://xvideo-jp.com/archives/tag/%e3%82%b9%e3%83%ac%e3%83%b3%e3%83%80%e3%83%bc/page/2,79.0,1.0,1.0,65.0,13.0,2.0,1.0,111.0,15.0,9.0,45.0,1.0,0.0,0.0,0.0,0.0
204,http://kienthuc.net.vn/ScriptResource.axd?d=sArCMxMIA8HRCWjlflweAbFEo6wWTLEgzj-ZGkAkjTzAQWwl1wTm5sOo8zjpvXfH2NtCm5iFyvLyEqmbsts7v6jyiM8da9x27qjldFaFyfnLqDHsqw8SHoFT-NV_kTacuI9cVyky5o2WGB6F3gZ3O-63XPS9-_RHQssu3qXjMDc0Kj-DVm6o4VBYOBzmoJtG0&t=7b689585,241.0,3.0,0.0,1.0,15.0,3.0,1.0,233.0,13.0,8.0,0.0,18.0,1.0,0.0,207.0,193.0
205,http://xvideo-jp.com/archives/category/%e5%ae%89%e5%9f%8e%e3%82%a2%e3%83%b3%e3%83%8a,77.0,1.0,1.0,19.0,13.0,2.0,1.0,111.0,17.0,9.0,8.0,45.0,0.0,0.0,0.0,0.0
207,http://xvideo-jp.com/archives/category/%e4%b8%8a%e5%8e%9f%e4%bf%9d%e5%a5%88%e7%be%8e,77.0,1.0,1.0,19.0,13.0,2.0,1.0,111.0,18.0,9.0,8.0,45.0,0.0,0.0,0.0,0.0
208,http://couchtuner.eu.com/2014/01/community-s5-e3-basic-intergluteal-numismatics.html,77.0,3.0,0.0,9.0,17.0,3.0,0.0,56.0,13.0,10.0,4.0,51.0,1.0,5.0,0.0,0.0
209,http://xvideo-jp.com/archives/category/%e7%b4%a0%e4%ba%ba%e3%83%8f%e3%83%a1%e6%92%ae%e3%82%8a,86.0,1.0,1.0,19.0,13.0,2.0,1.0,111.0,20.0,9.0,8.0,54.0,0.0,0.0,0.0,0.0
214,http://xvideo-jp.com/archives/category/%e5%a4%a7%e5%b3%b6%e3%81%a1%e3%82%8d%e3%82%8b,77.0,1.0,1.0,19.0,13.0,2.0,1.0,111.0,17.0,9.0,8.0,45.0,0.0,0.0,0.0,0.0
221,http://xvideo-jp.com/archives/category/%e5%b0%8f%e5%90%91%e7%be%8e%e5%a5%88%e5%ad%90,77.0,1.0,1.0,19.0,13.0,2.0,1.0,111.0,17.0,9.0,8.0,45.0,0.0,0.0,0.0,0.0
223,http://xvideo-jp.com/archives/category/%e5%a4%a7%e6%9c%88%e3%81%be%e3%82%86%e3%81%8b,77.0,1.0,1.0,19.0,13.0,2.0,1.0,111.0,18.0,9.0,8.0,45.0,0.0,0.0,0.0,0.0
229,http://xvideo-jp.com/archives/category/%e3%82%a8%e3%83%9e%e3%83%bb%e3%83%af%e3%83%88%e3%82%bd%e3%83%b3,95.0,1.0,1.0,19.0,13.0,2.0,1.0,111.0,16.0,9.0,8.0,63.0,0.0,0.0,0.0,0.0
231,http://xvideo-jp.com/archives/category/%e7%b4%a0%e4%ba%ba%e3%83%8f%e3%83%a1%e6%92%ae%e3%82%8a/%e3%82%a8%e3%82%b9%e3%82%ab%e3%83%ac%e3%83%bc%e3%83%88%e3%81%99%e3%82%8b%e3%83%89%e3%81%97%e3%82%8d%e3%83%bc%e3%81%a8%e5%a8%98/page/2,220.0,1.0,1.0,206.0,13.0,2.0,1.0,248.0,35.0,9.0,126.0,1.0,0.0,0.0,0.0,0.0
232,http://xvideo-jp.com/archives/category/%e9%9d%92%e5%b1%b1%e3%83%ad%e3%83%bc%e3%83%a9,77.0,1.0,1.0,19.0,13.0,2.0,1.0,111.0,16.0,9.0,8.0,45.0,0.0,0.0,0.0,0.0
235,http://xvideo-jp.com/%E3%81%8A%E3%81%99%E3%81%99%E3%82%81%E5%84%AA%E8%89%AF%E3%82%B5%E3%82%A4%E3%83%88%E3%80%8C%E3%82%A8%E3%83%AD%E5%8B%95%E7%94%BB%E4%BE%8D%E3%80%8D,158.0,1.0,1.0,1.0,13.0,2.0,1.0,111.0,31.0,9.0,0.0,144.0,0.0,0.0,0.0,0.0
238,http://xvideo-jp.com/archives/category/%e6%a9%8b%e6%9c%ac%e3%81%82%e3%82%93%e3%81%aa,77.0,1.0,1.0,19.0,13.0,2.0,1.0,111.0,16.0,9.0,8.0,45.0,0.0,0.0,0.0,0.0
240,http://xvideo-jp.com/archives/category/%e6%a1%83%e8%b0%b7%e3%82%a8%e3%83%aa%e3%82%ab/page/2,84.0,1.0,1.0,70.0,13.0,2.0,1.0,111.0,18.0,9.0,45.0,1.0,0.0,0.0,0.0,0.0
241,http://xvideo-jp.com/archives/category/%e5%8f%a4%e5%b7%9d%e3%81%84%e3%81%8a%e3%82%8a,77.0,1.0,1.0,19.0,13.0,2.0,1.0,111.0,16.0,9.0,8.0,45.0,0.0,0.0,0.0,0.0
245,http://xvideo-jp.com/archives/category/%e3%81%8a%e8%b2%b8%e3%81%97%e3%81%97%e3%81%be%e3%81%99%e3%80%82/%e7%b4%a0%e4%ba%ba%e5%a8%98%e3%80%81%e3%81%8a%e8%b2%b8%e3%81%97%e3%81%97%e3%81%be%e3%81%99%e3%80%82,195.0,1.0,1.0,83.0,13.0,2.0,1.0,111.0,25.0,9.0,63.0,99.0,0.0,0.0,0.0,0.0
249,http://xvideo-jp.com/archives/category/%e3%81%95/%e7%b4%97%e5%80%89%e3%81%be%e3%81%aa,78.0,1.0,1.0,29.0,13.0,2.0,1.0,111.0,17.0,9.0,9.0,36.0,0.0,0.0,0.0,0.0
251,http://xvideo-jp.com/archives/tag/%E3%82%BB%E3%83%BC%E3%83%A9%E3%83%BC%E6%9C%8D/page/2,79.0,1.0,1.0,65.0,13.0,2.0,1.0,111.0,16.0,9.0,45.0,1.0,0.0,0.0,0.0,0.0
254,http://xvideo-jp.com/archives/category/%e5%b0%8f%e6%b2%a2%e7%9c%9f%e7%90%86%e5%a5%88,77.0,1.0,1.0,19.0,13.0,2.0,1.0,111.0,19.0,9.0,8.0,45.0,0.0,0.0,0.0,0.0
256,http://ero-advertising.com/blog/eroadvertising-is-announcing-a-fully-renewed-website,77.0,1.0,1.0,6.0,19.0,2.0,1.0,160.0,11.0,15.0,4.0,52.0,0.0,6.0,0.0,0.0
257,http://ero-advertising.com/blog/wins-the-xbiz-awards-2012-traffic-service-company-of-the-year,86.0,1.0,1.0,6.0,19.0,2.0,1.0,160.0,15.0,15.0,4.0,61.0,0.0,10.0,0.0,0.0
259,http://xvideo-jp.com/archives/category/%e6%a4%8e%e5%90%8d%e3%82%86%e3%81%86%e3%81%8d,77.0,1.0,1.0,19.0,13.0,2.0,1.0,111.0,16.0,9.0,8.0,45.0,0.0,0.0,0.0,0.0
262,http://xvideo-jp.com/archives/category/%e6%b5%85%e4%b9%83%e3%83%8f%e3%83%ab%e3%83%9f,77.0,1.0,1.0,19.0,13.0,2.0,1.0,111.0,16.0,9.0,8.0,45.0,0.0,0.0,0.0,0.0
264,http://xvideo-jp.com/archives/category/%e5%b0%8f%e6%98%a5%e3%81%ae%e3%81%9e%e3%81%bf,77.0,1.0,1.0,19.0,13.0,2.0,1.0,111.0,17.0,9.0,8.0,45.0,0.0,0.0,0.0,0.0
267,http://popupads.ir/blog/?tag=%da%a9%d8%b3%d8%a8-%d8%af%d8%b1%d8%a2%d9%85%d8%af-%d8%a7%d8%b2-%d8%b3%d8%a7%db%8c%d8%aa-%d9%be%d8%a7%d9%be-%d8%a2%d9%be,141.0,1.0,0.0,6.0,11.0,2.0,0.0,106.0,21.0,8.0,4.0,0.0,0.0,0.0,124.0,119.0
270,http://xvideo-jp.com/archives/category/%e9%88%b4%e6%9d%91%e3%81%82%e3%81%84%e3%82%8a,77.0,1.0,1.0,19.0,13.0,2.0,1.0,111.0,17.0,9.0,8.0,45.0,0.0,0.0,0.0,0.0
273,http://kienthuc.net.vn/ScriptResource.axd?d=tRBLpNtE7jHHhHr57-S3idGchroiybhFKeZyM2RD_-GSoa4g2p-_6PpsCF57Gl8IqKHo529sKtzZa4P62eONVegGfRwjBAShhJqv837C7NO9LTPVIoaa4vA18HOY8AOfEAqWE21Rz7rLqLbZmEfRpFF9byaF6EBCeop2r4htyIOm9TN1qiTnRzG3EZlyzgBZ0&t=7b689585,241.0,3.0,0.0,1.0,15.0,3.0,1.0,233.0,11.0,8.0,0.0,18.0,1.0,0.0,207.0,193.0
274,http://xvideo-jp.com/archives/category/%e3%81%82%e3%82%84%e3%81%bf%e6%97%ac%e6%9e%9c/page/2,84.0,1.0,1.0,70.0,13.0,2.0,1.0,111.0,17.0,9.0,45.0,1.0,0.0,0.0,0.0,0.0
275,http://xvideo-jp.com/archives/category/%e5%ae%89%e9%81%94%e3%81%93%e3%81%ae%e3%81%bf,77.0,1.0,1.0,19.0,13.0,2.0,1.0,111.0,15.0,9.0,8.0,45.0,0.0,0.0,0.0,0.0
278,http://xvideo-jp.com/archives/category/%e7%b4%a0%e4%ba%ba%e7%9b%97%e6%92%ae/%e3%82%b2%e3%82%b9%e3%81%ae%e6%a5%b5%e3%81%bf%e6%98%a0%e5%83%8f,132.0,1.0,1.0,56.0,13.0,2.0,1.0,111.0,28.0,9.0,36.0,63.0,0.0,0.0,0.0,0.0
281,http://xvideo-jp.com/archives/category/%e7%b4%a0%e4%ba%ba%e7%9b%97%e6%92%ae/%e3%83%8a%e3%83%b3%e3%83%91%e9%80%a3%e3%82%8c%e8%be%bc%e3%81%bfsex%e9%9a%a0%e3%81%97%e6%92%ae%e3%82%8a%e3%83%bb%e3%81%9d%e3%81%ae%e3%81%be%e3%81%be%e5%8b%9d%e6%89%8b%e3%81%abav%e7%99%ba%e5%a3%b2,263.0,1.0,1.0,56.0,13.0,2.0,1.0,111.0,40.0,9.0,36.0,194.0,0.0,0.0,0.0,0.0
292,http://popupads.ir/blog/?tag=%d8%a8%db%8c%d8%b4%d8%aa%d8%b1%db%8c%d9%86-%d9%86%d8%b1%d8%ae-%d9%be%d8%a7%d9%be-%d8%a2%d9%be,115.0,1.0,0.0,6.0,11.0,2.0,0.0,106.0,18.0,8.0,4.0,0.0,0.0,0.0,98.0,93.0
293,http://xvideo-jp.com/archives/category/%e3%82%a2%e3%83%b3%e3%83%bb%e3%83%8f%e3%82%b5%e3%82%a6%e3%82%a7%e3%82%a4,104.0,1.0,1.0,19.0,13.0,2.0,1.0,111.0,17.0,9.0,8.0,72.0,0.0,0.0,0.0,0.0
296,http://xvideo-jp.com/archives/tag/%e9%87%8e%e5%a4%96%e3%83%bb%e9%9c%b2%e5%87%ba/page/2,79.0,1.0,1.0,65.0,13.0,2.0,1.0,111.0,19.0,9.0,45.0,1.0,0.0,0.0,0.0,0.0
299,http://xvideo-jp.com/archives/category/%e4%b8%80%e3%83%8e%e7%80%ac%e3%81%af%e3%82%8b%e3%81%8b,86.0,1.0,1.0,19.0,13.0,2.0,1.0,111.0,18.0,9.0,8.0,54.0,0.0,0.0,0.0,0.0
300,http://xvideo-jp.com/archives/category/%e4%ba%8c%e9%9a%8e%e5%a0%82%e3%81%82%e3%81%84,77.0,1.0,1.0,19.0,13.0,2.0,1.0,111.0,18.0,9.0,8.0,45.0,0.0,0.0,0.0,0.0
301,http://xvideo-jp.com/archives/category/%e3%81%be/%e6%b0%b4%e5%b6%8b%e3%81%82%e3%81%9a%e3%81%bf,87.0,1.0,1.0,29.0,13.0,2.0,1.0,111.0,18.0,9.0,9.0,45.0,0.0,0.0,0.0,0.0
302,http://avxhome.se/software/software_type/multimedia/sound_samples/precisionsound_artificial_d_and_p.html,97.0,2.0,0.0,49.0,10.0,2.0,0.0,22.0,9.0,7.0,13.0,38.0,1.0,4.0,0.0,0.0
304,http://persianblog.ir/wEPDwUKMTgwNjcyNjU0MA9kFggCAQ8WAh4EVGV4dAVoPHRpdGxlPlBlcnNpYW5CbG9nIC0g2KjYsdin24xf2K/bjNiv2YZf2LnaqdizX9mI24zZhNin2YfYp1/Yp9uM2YbYrNinX9ix2Kdf2qnZhNuM2qlf2YbZhdin2KbbjNivPC90aXRsZT5kAgMPFgIfAAV8PG1ldGEgaWQ9IktleXdvcmRzIiBuYW1lPSJLZXl3b3JkcyIgY29udGVudD0i2KjYsdin24xf2K/bjNiv2YZf2LnaqdizX9mI24zZhNin2YfYp1/Yp9uM2YbYrNinX9ix2Kdf2qnZhNuM2qlf2YbZhdin2KbbjNivIiAvPmQCBQ8WAh8ABYIBPG1ldGEgaWQ9IkRlc2NyaXB0aW9uIiBuYW1lPSJEZXNjcmlwdGlvbiIgY29udGVudD0i2KjYsdin24xf2K/bjNiv2YZf2LnaqdizX9mI24zZhNin2YfYp1/Yp9uM2YbYrNinX9ix2Kdf2qnZhNuM2qlf2YbZhdin2KbbjNivIiAvPmQCBw9kFgICCQ8PFgIeB1Zpc2libGVoZBYEAgEPDxYGHgxUb3RhbFJlY29yZHMCAR4KVG90YWxQYWdlcwIBHglQYWdlSW5kZXgCAWRkAgMPDxYGHwRmHghQYWdlU2l6ZQIyHwICAWRkZHqXoji/bH4iHsKfXAVv2O/M6cjp4ZFf9z4xOa9ev5Mp,746.0,1.0,0.0,711.0,14.0,2.0,1.0,106.0,10.0,11.0,200.0,21.0,0.0,0.0,0.0,0.0
306,http://xvideo-jp.com/archives/category/%e4%b8%80%e3%83%8e%e7%80%ac%e3%81%82%e3%81%8d%e3%82%89,86.0,1.0,1.0,19.0,13.0,2.0,1.0,111.0,18.0,9.0,8.0,54.0,0.0,0.0,0.0,0.0
308,https://lastpass.com/signup2.php?ac=1&from_uri=%2Fsignup2.php%3Fac%3D1%26from_uri%3D%252Fsignup2.php%253Fac%253D1%2526from_uri%253D%25252Fsignup2.php%25253Fac%25253D1%252526from_uri%25253D%2525252Fsignup2.php%2525253Fac%2525253D1%25252526from_uri%2525253D%252525252Fsignup2.php%252525253Fac%252525253D1%2525252526from_uri%252525253D%25252525252Fsignup2.php%25252525253Fac%25252525253D1%252525252526from_uri%25252525253D%2525252525252Fsignup2.php%2525252525253Fac%2525252525253D1%25252525252526from_uri%2525252525253D%252525252525252Fsignup2.php,536.0,10.0,0.0,1.0,12.0,2.0,1.0,0.0,43.0,8.0,0.0,11.0,1.0,0.0,512.0,497.0
311,http://xvideo-jp.com/archives/category/%e9%81%a0%e8%97%a4%e3%81%aa%e3%81%aa%e3%81%bf,77.0,1.0,1.0,19.0,13.0,2.0,1.0,111.0,15.0,9.0,8.0,45.0,0.0,0.0,0.0,0.0
312,http://xvideo-jp.com/archives/category/%e9%ba%bb%e6%9c%88%e3%83%9e%e3%83%aa%e3%83%bc,77.0,1.0,1.0,19.0,13.0,2.0,1.0,111.0,17.0,9.0,8.0,45.0,0.0,0.0,0.0,0.0
313,http://xvideo-jp.com/archives/category/%e6%98%9f%e5%8d%97%e3%81%8d%e3%82%89%e3%82%8a,77.0,1.0,1.0,19.0,13.0,2.0,1.0,111.0,17.0,9.0,8.0,45.0,0.0,0.0,0.0,0.0
317,http://xvideo-jp.com/archives/category/%e5%b0%8f%e6%b2%a2%e3%82%a2%e3%83%aa%e3%82%b9,77.0,1.0,1.0,19.0,13.0,2.0,1.0,111.0,17.0,9.0,8.0,45.0,0.0,0.0,0.0,0.0
321,http://xvideo-jp.com/archives/category/%e9%a6%99%e6%a4%8e%e3%81%bf%e3%81%aa%e3%81%bf,77.0,1.0,1.0,19.0,13.0,2.0,1.0,111.0,16.0,9.0,8.0,45.0,0.0,0.0,0.0,0.0
323,http://popupads.ir/blog/?tag=%d8%af%d8%b1%d8%a2%d9%85%d8%af-%d8%a7%d8%b2-%d9%be%d8%a7%d9%be-%d8%a2%d9%be,97.0,1.0,0.0,6.0,11.0,2.0,0.0,106.0,14.0,8.0,4.0,0.0,0.0,0.0,80.0,75.0
327,http://watch-series-tv.to/serie/the_franchise%3A_a_season_with_the_san_francisco_giants,80.0,1.0,2.0,7.0,18.0,2.0,0.0,41.0,8.0,15.0,5.0,55.0,0.0,8.0,0.0,0.0
337,http://watch-series-tv.to/serie/Commanding_Heights%3A_The_Battle_for_the_World_Economy,79.0,1.0,2.0,7.0,18.0,2.0,0.0,41.0,8.0,15.0,5.0,54.0,0.0,7.0,0.0,0.0
338,http://xvideo-jp.com/archives/category/%e5%b0%be%e9%87%8e%e7%9c%9f%e7%9f%a5%e5%ad%90,77.0,1.0,1.0,19.0,13.0,2.0,1.0,111.0,18.0,9.0,8.0,45.0,0.0,0.0,0.0,0.0
339,http://xvideo-jp.com/archives/category/%e9%99%bd%e6%9c%a8%e3%81%8b%e3%82%8c%e3%82%93,77.0,1.0,1.0,19.0,13.0,2.0,1.0,111.0,18.0,9.0,8.0,45.0,0.0,0.0,0.0,0.0
341,http://shop-pro.jp/func/%E3%83%95%E3%82%A9%E3%83%AD%E3%83%BC%E3%83%A1%E3%83%BC%E3%83%AB/,81.0,1.0,1.0,70.0,11.0,2.0,1.0,111.0,14.0,8.0,63.0,0.0,0.0,0.0,0.0,0.0
353,http://xvideo-jp.com/archives/category/%e8%bc%9d%e6%9c%88%e3%81%82%e3%82%93%e3%82%8a,77.0,1.0,1.0,19.0,13.0,2.0,1.0,111.0,17.0,9.0,8.0,45.0,0.0,0.0,0.0,0.0
354,http://avxhome.se/software/software_type/multimedia/Burning_copying/BurningStudio2015v1.15.3.html,90.0,4.0,0.0,51.0,10.0,2.0,0.0,22.0,10.0,7.0,15.0,29.0,3.0,0.0,0.0,0.0
357,http://xvideo-jp.com/archives/tag/%e3%82%b9%e3%83%9e%e3%83%9b%e5%86%8d%e7%94%9f%e5%8f%af%e8%83%bd,90.0,1.0,1.0,14.0,13.0,2.0,1.0,111.0,22.0,9.0,8.0,63.0,0.0,0.0,0.0,0.0
359,http://xvideo-jp.com/archives/category/%e3%81%95/%e6%a4%8e%e5%90%8d%e3%81%bf%e3%81%8f%e3%82%8b,87.0,1.0,1.0,29.0,13.0,2.0,1.0,111.0,19.0,9.0,9.0,45.0,0.0,0.0,0.0,0.0
364,http://xvideo-jp.com/archives/category/%e3%81%8a%e8%b2%b8%e3%81%97%e3%81%97%e3%81%be%e3%81%99%e3%80%82/%e7%b4%a0%e4%ba%ba%e5%a8%98%e3%80%81%e3%81%8a%e8%b2%b8%e3%81%97%e3%81%97%e3%81%be%e3%81%99%e3%80%82/page/2,202.0,1.0,1.0,188.0,13.0,2.0,1.0,111.0,26.0,9.0,99.0,1.0,0.0,0.0,0.0,0.0
367,https://lastpass.com/signup2.php?ac=1&from_uri=%2Fsignup2.php%3Fac%3D1%26from_uri%3D%252Fsignup2.php%253Fac%253D1%2526from_uri%253D%25252Fsignup2.php%25253Fac%25253D1%252526from_uri%25253D%2525252Fsignup2.php%2525253Fac%2525253D1%25252526from_uri%2525253D%252525252Fsignup2.php%252525253Fac%252525253D1%2525252526from_uri%252525253D%25252525252Fsignup2.php%25252525253Fac%25252525253D1%252525252526from_uri%25252525253D%2525252525252Fsignup2.php%2525252525253Fac%2525252525253D1%25252525252526from_uri%2525252525253D%252525252525252Fsignup2.php%252525252525253Fac%252525252525253D1%2525252525252526from_uri%252525252525253D%25252525252525252Fsignup2.php,645.0,11.0,0.0,1.0,12.0,2.0,1.0,0.0,48.0,8.0,0.0,11.0,1.0,0.0,621.0,606.0
368,http://bankmellat.ir/ScriptResource.axd?d=ifjjHsxuw1KCuBiKtl8eSIgZFV2EFjvuc0BE45RNLpcM8dOqyTNYG7ApZYrK5B9FuN9N58wW7rIw5J6pq9qh3TR1EQssbVRS6cJdg790ndOeLfzTW-Naha8c_xNTwg0WlJMwM3xSq1WKbpxxGCWgWnHSUpe1631dDIXiWIV-GJFonQKdRFQx0m2xlD2NqmPa0&t=7e632e9f,239.0,2.0,0.0,1.0,13.0,2.0,1.0,106.0,9.0,10.0,0.0,18.0,1.0,0.0,207.0,193.0
369,http://xvideo-jp.com/archives/category/%e6%97%a5%e5%90%91%e3%81%bf%e3%81%a1%e3%82%8b,77.0,1.0,1.0,19.0,13.0,2.0,1.0,111.0,18.0,9.0,8.0,45.0,0.0,0.0,0.0,0.0
372,http://xvideo-jp.com/archives/category/%e3%83%9e%e3%82%b8%e3%83%83%e3%82%af%e3%83%9f%e3%83%a9%e3%83%bc%e5%8f%b7-mm%e5%8f%b7,116.0,1.0,1.0,19.0,13.0,2.0,1.0,111.0,19.0,9.0,8.0,84.0,0.0,1.0,0.0,0.0
377,http://xvideo-jp.com/archives/category/%e4%b8%8a%e5%9f%8e%e3%82%8a%e3%81%8a%e3%81%aa,77.0,1.0,1.0,19.0,13.0,2.0,1.0,111.0,16.0,9.0,8.0,45.0,0.0,0.0,0.0,0.0
378,http://xvideo-jp.com/archives/category/%e3%81%be/%e5%8d%97%e6%a2%a8%e5%a4%ae%e5%a5%88,78.0,1.0,1.0,29.0,13.0,2.0,1.0,111.0,19.0,9.0,9.0,36.0,0.0,0.0,0.0,0.0
381,http://xvideo-jp.com/archives/category/%e7%a7%8b%e5%85%83%e3%81%be%e3%82%86%e8%8a%b1,77.0,1.0,1.0,19.0,13.0,2.0,1.0,111.0,20.0,9.0,8.0,45.0,0.0,0.0,0.0,0.0
383,http://xvideo-jp.com/archives/category/%e5%88%9d%e5%b7%9d%e3%81%bf%e3%81%aa%e3%81%bf,77.0,1.0,1.0,19.0,13.0,2.0,1.0,111.0,14.0,9.0,8.0,45.0,0.0,0.0,0.0,0.0
385,http://xvideo-jp.com/archives/category/%e5%8a%a0%e8%b3%80%e7%be%8e%e3%82%b7%e3%83%a5%e3%83%8a,86.0,1.0,1.0,19.0,13.0,2.0,1.0,111.0,20.0,9.0,8.0,54.0,0.0,0.0,0.0,0.0
390,http://xvideo-jp.com/archives/category/%e5%ae%87%e9%83%bd%e5%ae%ae%e3%81%97%e3%82%92%e3%82%93,86.0,1.0,1.0,19.0,13.0,2.0,1.0,111.0,18.0,9.0,8.0,54.0,0.0,0.0,0.0,0.0
391,http://xvideo-jp.com/%E3%81%8A%E3%81%99%E3%81%99%E3%82%81%E3%82%B5%E3%82%A4%E3%83%88%E3%80%8Cxvideos%E3%81%BE%E3%81%AB%E3%81%82%E3%80%8D,129.0,1.0,1.0,1.0,13.0,2.0,1.0,111.0,18.0,9.0,0.0,115.0,0.0,0.0,0.0,0.0
393,http://watch-series-tv.to/serie/Agatha_Christie_s_Great_Detectives_Poirot_and_Marple,77.0,1.0,2.0,7.0,18.0,2.0,0.0,41.0,7.0,15.0,5.0,52.0,0.0,7.0,0.0,0.0
395,http://avxhome.se/magazines/technic_technology/UnitedStatesCybersecurityMagazineSpring2015.html,88.0,2.0,0.0,30.0,10.0,2.0,0.0,22.0,7.0,7.0,18.0,48.0,1.0,0.0,0.0,0.0
403,http://xvideo-jp.com/archives/category/%e4%b8%8a%e5%8e%9f%e3%81%82%e3%81%9a%e3%81%bf%ef%bc%88%e9%95%b7%e5%8e%9f%e3%82%86%e3%81%84%ef%bc%89,131.0,1.0,1.0,19.0,13.0,2.0,1.0,111.0,26.0,9.0,8.0,99.0,0.0,0.0,0.0,0.0
408,http://tebyan.net/ScriptResource.axd?d=xon0jAegAtt2wZRVG1avTFXFu9UISBjuBdo-BjGM-RkuaHnKbmlWCe_Uk4w3Imtn3ID2KXSVP314AAgVrO1GlD4ubymeCfQQNr1DPRq4mjKCni1lUCKE4Yc_6FY0I7mFJCD6t4Y9Wrl3KfrSL4dB8Xp0yopfYWcLFCTIgo0BsWHmslLv8luJWlUdF9hBDMke0&t=ffffffffb53e74b8,244.0,2.0,0.0,1.0,10.0,2.0,1.0,106.0,9.0,6.0,0.0,18.0,1.0,0.0,215.0,193.0
409,http://xvideo-jp.com/archives/category/%e8%97%a4%e4%ba%95%e3%81%82%e3%81%84%e3%81%95,77.0,1.0,1.0,19.0,13.0,2.0,1.0,111.0,16.0,9.0,8.0,45.0,0.0,0.0,0.0,0.0
410,http://ero-advertising.com/blog/eroadvertising-to-introduce-mobile-redirects-with-a-75-pct-revenue-share-for-publishers,112.0,1.0,1.0,6.0,19.0,2.0,1.0,160.0,17.0,15.0,4.0,87.0,0.0,12.0,0.0,0.0
417,http://xvideo-jp.com/%E3%81%8A%E3%81%99%E3%81%99%E3%82%81%E5%84%AA%E8%89%AF%E3%82%B5%E3%82%A4%E3%83%88%E3%80%8C%E3%82%A8%E3%83%AD%E5%8B%95%E7%94%BB%E8%A6%96%E8%81%B4%E5%80%B6%E6%A5%BD%E9%83%A8%E3%80%8D,194.0,1.0,1.0,1.0,13.0,2.0,1.0,111.0,37.0,9.0,0.0,180.0,0.0,0.0,0.0,0.0
418,http://xvideo-jp.com/archives/category/%e7%80%ac%e6%88%b8%e5%8f%8b%e9%87%8c%e4%ba%9c,77.0,1.0,1.0,19.0,13.0,2.0,1.0,111.0,21.0,9.0,8.0,45.0,0.0,0.0,0.0,0.0
420,http://xvideo-jp.com/archives/category/%e3%81%8a%e8%b2%b8%e3%81%97%e3%81%97%e3%81%be%e3%81%99%e3%80%82/%e7%b5%b6%e5%af%be%e7%9a%84%e7%be%8e%e5%b0%91%e5%a5%b3%e3%80%81%e3%81%8a%e8%b2%b8%e3%81%97%e3%81%97%e3%81%be%e3%81%99%e3%80%82/page/2,229.0,1.0,1.0,215.0,13.0,2.0,1.0,111.0,30.0,9.0,126.0,1.0,0.0,0.0,0.0,0.0
422,http://xvideo-jp.com/wp-content/plugins/wp-minify/min/?f=wp-content/cache/head-cleaner/css/c32caebbb9ab684264696eb6592735a0.b64.css,124.0,3.0,1.0,71.0,13.0,2.0,1.0,111.0,15.0,9.0,13.0,40.0,2.0,0.0,0.0,0.0
423,http://xvideo-jp.com/archives/category/%e7%be%8e%e6%9c%a8%e3%81%aa%e3%81%aa%e3%81%bf,77.0,1.0,1.0,19.0,13.0,2.0,1.0,248.0,16.0,9.0,8.0,45.0,0.0,0.0,0.0,0.0
426,http://xvideo-jp.com/%E3%81%8A%E3%81%99%E3%81%99%E3%82%81%E5%84%AA%E8%89%AF%E3%82%B5%E3%82%A4%E3%83%88%E3%80%8C%E5%8B%95%E7%94%BB%E4%B8%B8%E3%80%8D,140.0,1.0,1.0,1.0,13.0,2.0,1.0,111.0,29.0,9.0,0.0,126.0,0.0,0.0,0.0,0.0
428,http://xvideo-jp.com/archives/category/%e5%90%89%e6%b0%b8%e3%81%82%e3%81%8b%e3%81%ad,77.0,1.0,1.0,19.0,13.0,2.0,1.0,111.0,17.0,9.0,8.0,45.0,0.0,0.0,0.0,0.0
429,http://xvideo-jp.com/archives/tag/%e3%82%a2%e3%82%a4%e3%83%89%e3%83%ab%e3%83%bb%e8%8a%b8%e8%83%bd%e4%ba%ba/page/2,106.0,1.0,1.0,92.0,13.0,2.0,1.0,111.0,21.0,9.0,72.0,1.0,0.0,0.0,0.0,0.0
430,http://xvideo-jp.com/archives/category/%e9%80%a2%e7%94%b0%e3%81%bf%e3%81%aa%e3%81%bf,77.0,1.0,1.0,19.0,13.0,2.0,1.0,111.0,16.0,9.0,8.0,45.0,0.0,0.0,0.0,0.0
431,http://xvideo-jp.com/archives/category/%e8%88%9e%e5%9c%92%e3%81%8b%e3%82%8a%e3%82%93,77.0,1.0,1.0,19.0,13.0,2.0,1.0,111.0,18.0,9.0,8.0,45.0,0.0,0.0,0.0,0.0
432,http://xvideo-jp.com/archives/category/%e5%b8%82%e5%b7%9d%e3%81%be%e3%81%95%e3%81%bf,77.0,1.0,1.0,19.0,13.0,2.0,1.0,248.0,16.0,9.0,8.0,45.0,0.0,0.0,0.0,0.0
434,http://caixa.gov.br/ScriptResource.axd?d=QEa3juPoix4mpXqj981hFblR0bmOzMXjvbV8uIBVFC1iSQ25M6CaKf3w9z-hdHFPfW9JI0ypX5-rtwlmOrpmIo0obQjH5UnqgI3OVY9yU9BiqX8pyD0etA_NSVReKEYg0PZkr2jSJdaeDXOP-izfmqHDk1a1BiK3uWwKogR1L-kVsPuroYIPVZxtdn-o83d80&t=ffffffffb53e74b8,246.0,3.0,0.0,1.0,12.0,3.0,1.0,29.0,13.0,5.0,0.0,18.0,1.0,0.0,215.0,193.0
437,http://popupads.ir/blog/?tag=%d8%a8%d9%87%d8%aa%d8%b1%db%8c%d9%86-%d8%b3%d8%a7%db%8c%d8%aa-%d9%be%d8%a7%d9%be-%d8%a2%d9%be,115.0,1.0,0.0,6.0,11.0,2.0,0.0,106.0,18.0,8.0,4.0,0.0,0.0,0.0,98.0,93.0
438,http://xvideo-jp.com/wp-content/plugins/wp-lightbox-2/wp-lightbox-2.min.js?ver=1.3.4.1,79.0,6.0,1.0,34.0,13.0,2.0,1.0,111.0,11.0,9.0,13.0,20.0,2.0,2.0,12.0,7.0
439,http://shop-pro.jp/magazine/wp-content/plugins/contact-form-7/includes/js/scripts.js?ver=4.1.1,87.0,4.0,1.0,56.0,11.0,2.0,1.0,111.0,14.0,8.0,14.0,10.0,1.0,0.0,10.0,5.0
440,http://shop-pro.jp/func/%e7%84%a1%e6%96%99-%e3%82%a2%e3%82%a4%e3%82%b3%e3%83%b3%e3%83%bb%e7%b4%a0%e6%9d%90/,100.0,1.0,1.0,89.0,11.0,2.0,1.0,111.0,22.0,8.0,82.0,0.0,0.0,0.0,0.0,0.0
441,http://xvideo-jp.com/archives/tag/%e3%83%9e%e3%83%83%e3%82%b5%e3%83%bc%e3%82%b8%e3%83%bb%e3%82%a8%e3%82%b9%e3%83%86/page/2,115.0,1.0,1.0,101.0,13.0,2.0,1.0,111.0,18.0,9.0,81.0,1.0,0.0,0.0,0.0,0.0
444,http://xvideo-jp.com/archives/category/%e9%9f%b3%e7%be%bd%e3%83%ac%e3%82%aa%e3%83%b3,77.0,1.0,1.0,19.0,13.0,2.0,1.0,111.0,17.0,9.0,8.0,45.0,0.0,0.0,0.0,0.0
446,http://popupads.ir/blog/?tag=%d8%b3%db%8c%d8%b3%d8%aa%d9%85-%da%a9%d8%b3%d8%a8-%d8%af%d8%b1%d8%a2%d9%85%d8%af-%d8%a7%d8%b2-%d9%be%d8%a7%d9%be-%d8%a2%d9%be,147.0,1.0,0.0,6.0,11.0,2.0,0.0,106.0,21.0,8.0,4.0,0.0,0.0,0.0,130.0,125.0
449,http://xvideo-jp.com/%E7%84%A1%E6%96%99av%E5%8B%95%E7%94%BB%E3%82%A2%E3%82%AF%E3%82%BB%E3%82%B9%E3%83%A9%E3%83%B3%E3%82%AD%E3%83%B3%E3%82%B0,133.0,1.0,1.0,1.0,13.0,2.0,1.0,111.0,25.0,9.0,0.0,119.0,0.0,0.0,0.0,0.0
451,https://lastpass.com/signup2.php?ac=1&from_uri=%2Fsignup2.php%3Fac%3D1%26from_uri%3D%252Fsignup2.php%253Fac%253D1%2526from_uri%253D%25252Fsignup2.php%25253Fac%25253D1%252526from_uri%25253D%2525252Fsignup2.php%2525253Fac%2525253D1%25252526from_uri%2525253D%252525252Fsignup2.php%252525253Fac%252525253D1%2525252526from_uri%252525253D%25252525252Fsignup2.php%25252525253Fac%25252525253D1%252525252526from_uri%25252525253D%2525252525252Fsignup2.php%2525252525253Fac%2525252525253D1%25252525252526from_uri%2525252525253D%252525252525252Fsignup2.php%252525252525253Fac%252525252525253D1%2525252525252526from_uri%252525252525253D%25252525252525252Fsignup2.php%25252525252525253Fac%25252525252525253D1%252525252525252526from_uri%25252525252525253D%2525252525252525252Fsignup2.php%2525252525252525253Fac%2525252525252525253D1%25252525252525252526from_uri%2525252525252525253D%252525252525252525252Fsignup2.php%252525252525252525253Fac%252525252525252525253D1%2525252525252525252526from_uri%252525252525252525253D%25252525252525252525252Fsignup2.php%25252525252525252525253Fac%25252525252525252525253D1%252525252525252525252526from_uri%25252525252525252525253D%2525252525252525252525252Fsignup2.php%2525252525252525252525253Fac%2525252525252525252525253D1%25252525252525252525252526from_uri%2525252525252525252525253D%252525252525252525252525252Fsignup2.php%252525252525252525252525253Fac%252525252525252525252525253D1%2525252525252525252525252526from_uri%252525252525252525252525253D%25252525252525252525252525252Fsignup2.php%25252525252525252525252525253Fac%25252525252525252525252525253D1%252525252525252525252525252526from_uri%25252525252525252525252525253D%2525252525252525252525252525252Fsignup2.php,1688.0,18.0,0.0,1.0,12.0,2.0,1.0,0.0,83.0,8.0,0.0,11.0,1.0,0.0,1664.0,1649.0
452,http://xvideo-jp.com/archives/category/%e3%81%82%e3%81%84%e3%82%80%e5%92%b2%e7%be%85,77.0,1.0,1.0,19.0,13.0,2.0,1.0,111.0,17.0,9.0,8.0,45.0,0.0,0.0,0.0,0.0
454,http://xvideo-jp.com/archives/category/%e7%80%ac%e6%88%b8%e3%81%82%e3%82%8a%e3%81%95,77.0,1.0,1.0,19.0,13.0,2.0,1.0,111.0,17.0,9.0,8.0,45.0,0.0,0.0,0.0,0.0
455,http://xvideo-jp.com/archives/tag/%e5%a4%a7%e4%ba%ba%e3%81%ae%e3%81%8a%e3%82%82%e3%81%a1%e3%82%83,90.0,1.0,1.0,14.0,13.0,2.0,1.0,111.0,18.0,9.0,8.0,63.0,0.0,0.0,0.0,0.0
456,http://shop-pro.jp/magazine/wp-content/themes/cmsp_magazine/js/jquery-ui-1.10.4.custom.js,82.0,5.0,1.0,45.0,11.0,2.0,1.0,111.0,14.0,8.0,13.0,26.0,4.0,2.0,0.0,0.0
458,http://xvideo-jp.com/%E3%81%8A%E3%81%99%E3%81%99%E3%82%81%E5%84%AA%E8%89%AF%E3%82%B5%E3%82%A4%E3%83%88%E3%80%8C%E3%83%95%E3%82%A7%E3%83%A9%E3%83%81%E3%82%AA%EF%BD%98%E3%83%93%E3%83%87%E3%82%AA%E3%82%BA%E3%80%8D,203.0,1.0,1.0,1.0,13.0,2.0,1.0,111.0,31.0,9.0,0.0,189.0,0.0,0.0,0.0,0.0
463,http://xvideo-jp.com/archives/category/%e6%98%a5%e5%92%b2%e3%81%8b%e3%81%96%e3%82%8a,77.0,1.0,1.0,19.0,13.0,2.0,1.0,111.0,18.0,9.0,8.0,45.0,0.0,0.0,0.0,0.0
464,http://xvideo-jp.com/archives/category/%e6%b5%85%e5%80%89%e3%81%82%e3%81%99%e3%81%8b,77.0,1.0,1.0,19.0,13.0,2.0,1.0,111.0,17.0,9.0,8.0,45.0,0.0,0.0,0.0,0.0
465,http://xvideo-jp.com/archives/category/%e7%b4%ba%e9%87%8e%e3%81%b2%e3%81%8b%e3%82%8b,77.0,1.0,1.0,19.0,13.0,2.0,1.0,111.0,17.0,9.0,8.0,45.0,0.0,0.0,0.0,0.0
467,http://xvideo-jp.com/archives/category/%e9%95%b7%e8%b0%b7%e5%b7%9d%e3%82%8b%e3%81%84,77.0,1.0,1.0,19.0,13.0,2.0,1.0,111.0,18.0,9.0,8.0,45.0,0.0,0.0,0.0,0.0
468,http://xvideo-jp.com/archives/category/%e3%82%a2%e3%83%b3%e3%82%b8%e3%82%a7%e3%83%aa%e3%82%a2,86.0,1.0,1.0,19.0,13.0,2.0,1.0,111.0,14.0,9.0,8.0,54.0,0.0,0.0,0.0,0.0
469,http://xvideo-jp.com/archives/category/%e3%82%a2%e3%83%b3%e3%82%b8%e3%82%a7%e3%83%aa%e3%83%bc%e3%83%8a%e3%83%bb%e3%82%b8%e3%83%a7%e3%83%aa%e3%83%bc,140.0,1.0,1.0,19.0,13.0,2.0,1.0,111.0,17.0,9.0,8.0,108.0,0.0,0.0,0.0,0.0
471,http://xvideo-jp.com/%E7%84%A1%E6%96%99%E3%82%A8%E3%83%AD%E5%8B%95%E7%94%BB%E3%81%BE%E3%81%A8%E3%82%81-xvideos,103.0,1.0,1.0,1.0,13.0,2.0,1.0,111.0,23.0,9.0,0.0,89.0,0.0,1.0,0.0,0.0
473,http://popupads.ir/blog/?tag=%d8%a8%d9%87%d8%aa%d8%b1%db%8c%d9%86-%d8%b3%d8%a7%db%8c%d8%aa-%da%a9%d8%b3%d8%a8-%d8%af%d8%b1%d8%a2%d9%85%d8%af-%d8%a7%d8%b2-%d9%be%d8%a7%d9%be-%d8%a2%d9%be,178.0,1.0,0.0,6.0,11.0,2.0,0.0,106.0,23.0,8.0,4.0,0.0,0.0,0.0,161.0,156.0
476,http://xvideo-jp.com/archives/category/%e5%8c%97%e9%87%8e%e3%81%ae%e3%81%9e%e3%81%bf,77.0,1.0,1.0,19.0,13.0,2.0,1.0,111.0,17.0,9.0,8.0,45.0,0.0,0.0,0.0,0.0
480,http://shop-pro.jp/magazine/wp-content/plugins/contact-form-7/includes/js/jquery.form.min.js?ver=3.51.0-2014.06.20,107.0,8.0,1.0,56.0,11.0,2.0,1.0,111.0,19.0,8.0,14.0,18.0,3.0,0.0,22.0,17.0
485,http://xvideo-jp.com/archives/category/%e3%81%82%e3%81%84%e3%82%8a%e3%81%bf%e3%81%8f,77.0,1.0,1.0,19.0,13.0,2.0,1.0,111.0,13.0,9.0,8.0,45.0,0.0,0.0,0.0,0.0
488,http://xvideo-jp.com/archives/category/%e9%a2%a8%e8%a6%8b%e3%81%82%e3%82%86%e3%82%80,77.0,1.0,1.0,19.0,13.0,2.0,1.0,111.0,17.0,9.0,8.0,45.0,0.0,0.0,0.0,0.0
495,http://bankmellat.ir/WebResource.axd?d=G71PTd43BP5eT1VmJ3oiIRnRd8VXBrwjy0fSd2LXxjk3AjQWh5Gj_nrpebs11EPyjl2V9aQly-lack0TK21nFKHZoZQYqRjMK6HSfmaIxGypjYK-AQVTkzonprrqEBtgPyqNw7MHgZ-ifTi7eb5Mi30bqaTVvBbeePYAv9PxRi41&t=635377285820000000,225.0,2.0,0.0,1.0,13.0,2.0,1.0,106.0,10.0,10.0,0.0,15.0,1.0,0.0,196.0,172.0
496,http://ero-advertising.com/blog/eroadvertising-launches-regional-geo-ip-targeting-filter,81.0,1.0,1.0,6.0,19.0,2.0,1.0,160.0,12.0,15.0,4.0,56.0,0.0,6.0,0.0,0.0
502,http://xvideo-jp.com/archives/category/%e7%b4%a0%e4%ba%ba%e7%9b%97%e6%92%ae/%e7%b4%a0%e4%ba%ba%e9%80%a3%e3%82%8c%e8%be%bc%e3%81%bf%e3%83%8a%e3%83%b3%e3%83%91sex%e9%9a%a0%e3%81%97%e6%92%ae%e3%82%8a,189.0,1.0,1.0,56.0,13.0,2.0,1.0,111.0,32.0,9.0,36.0,120.0,0.0,0.0,0.0,0.0
503,http://xvideo-jp.com/archives/category/%e3%81%82%e3%82%84%e3%81%9b%e3%82%81%e3%82%8b,77.0,1.0,1.0,19.0,13.0,2.0,1.0,111.0,12.0,9.0,8.0,45.0,0.0,0.0,0.0,0.0
505,http://xvideo-jp.com/%E5%B7%A8%E4%B9%B3%E5%8B%95%E7%94%BB%E3%82%B9%E3%83%88%E3%83%AA%E3%83%BC%E3%83%A0,95.0,1.0,1.0,1.0,13.0,2.0,1.0,111.0,22.0,9.0,0.0,81.0,0.0,0.0,0.0,0.0
512,http://xvideo-jp.com/archives/category/%e7%99%bd%e7%9f%b3%e8%8c%89%e8%8e%89%e5%a5%88,77.0,1.0,1.0,19.0,13.0,2.0,1.0,111.0,18.0,9.0,8.0,45.0,0.0,0.0,0.0,0.0
513,http://xvideo-jp.com/archives/category/%E3%81%AF/%E7%BE%BD%E7%94%B0%E3%81%82%E3%81%84,78.0,1.0,1.0,29.0,13.0,2.0,1.0,111.0,16.0,9.0,9.0,36.0,0.0,0.0,0.0,0.0
522,http://persianblog.ir/wEPDwUKMTgwNjcyNjU0MA9kFggCAQ8WAh4EVGV4dAVoPHRpdGxlPlBlcnNpYW5CbG9nIC0g2KjYsdin24xf2K/bjNiv2YZf2LnaqdizX9mI24zZhNin2YfYp1/Yp9uM2YbYrNinX9ix2Kdf2qnZhNuM2qlf2YbZhdin24zbjNivPC90aXRsZT5kAgMPFgIfAAV8PG1ldGEgaWQ9IktleXdvcmRzIiBuYW1lPSJLZXl3b3JkcyIgY29udGVudD0i2KjYsdin24xf2K/bjNiv2YZf2LnaqdizX9mI24zZhNin2YfYp1/Yp9uM2YbYrNinX9ix2Kdf2qnZhNuM2qlf2YbZhdin24zbjNivIiAvPmQCBQ8WAh8ABYIBPG1ldGEgaWQ9IkRlc2NyaXB0aW9uIiBuYW1lPSJEZXNjcmlwdGlvbiIgY29udGVudD0i2KjYsdin24xf2K/bjNiv2YZf2LnaqdizX9mI24zZhNin2YfYp1/Yp9uM2YbYrNinX9ix2Kdf2qnZhNuM2qlf2YbZhdin24zbjNivIiAvPmQCBw9kFgICCQ8PFgIeB1Zpc2libGVoZBYEAgEPDxYGHgxUb3RhbFJlY29yZHMCAR4KVG90YWxQYWdlcwIBHglQYWdlSW5kZXgCAWRkAgMPDxYGHwRmHghQYWdlU2l6ZQIyHwICAWRkZDjWdUK8aicRfZR2hXJNy/eIBQCHqAhu/BnzfC7w3S60,746.0,1.0,0.0,721.0,14.0,2.0,1.0,106.0,10.0,11.0,214.0,11.0,0.0,0.0,0.0,0.0
523,http://xvideo-jp.com/archives/category/%e3%81%be/%e3%81%bf%e3%81%a5%e3%81%aa%e3%82%8c%e3%81%84,87.0,1.0,1.0,29.0,13.0,2.0,1.0,111.0,15.0,9.0,9.0,45.0,0.0,0.0,0.0,0.0
524,http://xvideo-jp.com/archives/category/%e7%b6%be%e7%80%ac%e3%83%86%e3%82%a3%e3%82%a2%e3%83%a9,86.0,1.0,1.0,19.0,13.0,2.0,1.0,111.0,18.0,9.0,8.0,54.0,0.0,0.0,0.0,0.0
525,http://xvideo-jp.com/archives/category/%e3%81%8a%e8%b2%b8%e3%81%97%e3%81%97%e3%81%be%e3%81%99%e3%80%82/%e7%b5%b6%e5%af%be%e7%9a%84%e7%be%8e%e5%b0%91%e5%a5%b3%e3%80%81%e3%81%8a%e8%b2%b8%e3%81%97%e3%81%97%e3%81%be%e3%81%99%e3%80%82,222.0,1.0,1.0,83.0,13.0,2.0,1.0,111.0,29.0,9.0,63.0,126.0,0.0,0.0,0.0,0.0
528,http://xvideo-jp.com/archives/category/%e4%b8%80%e3%83%8e%e7%80%ac%e3%82%a2%e3%83%a1%e3%83%aa,86.0,1.0,1.0,19.0,13.0,2.0,1.0,111.0,18.0,9.0,8.0,54.0,0.0,0.0,0.0,0.0
529,http://xvideo-jp.com/sex%E5%8B%95%E7%94%BB%E3%83%BB%E7%84%A1%E6%96%99%E3%82%A8%E3%83%AD%E5%8B%95%E7%94%BB-redtube,106.0,1.0,1.0,1.0,13.0,2.0,1.0,111.0,22.0,9.0,0.0,92.0,0.0,1.0,0.0,0.0
530,http://ero-advertising.com/blog/eroadvertising-hires-nicolas-wendisch-to-expand-international-sales-team,97.0,1.0,1.0,6.0,19.0,2.0,1.0,160.0,14.0,15.0,4.0,72.0,0.0,8.0,0.0,0.0
531,http://xvideo-jp.com/archives/category/%e5%b8%82%e5%8e%9f%e3%81%95%e3%81%a8%e3%81%bf,77.0,1.0,1.0,19.0,13.0,2.0,1.0,111.0,16.0,9.0,8.0,45.0,0.0,0.0,0.0,0.0
